Scene,SceneRole,GeometryType,DensityClass,VegetationClass,Config,Method,Stage,TimelyRateMean,TimelyRateStd,TimelyRateCI95,LossRateMean,LossRateStd,LossRateCI95,AvgTxCostMean,AvgTxCostStd,AvgTxCostCI95,EmergencyTimelyRateMean,EmergencyTimelyRateStd,EmergencyTimelyRateCI95
10014,Primary,CurvedBlind,Medium,Dense,Default,Link-delay-aware,Normal,0.86736,0.0290515094974708,0.00805266759279185,0.13264,0.0290515094974707,0.00805266759279185,1.312,2.24298922669111e-16,6.21724893790088e-17,NaN,NaN,NaN
10014,Primary,CurvedBlind,Medium,Dense,Default,Link-delay-aware,Coop_1,0.9992,0.00218840481772879,0.000606594867546156,0.000800000000000005,0.00218840481772879,0.000606594867546155,2,0,0,NaN,NaN,NaN
10014,Primary,CurvedBlind,Medium,Dense,Default,Link-delay-aware,LinkDeg_Emerg,0.999076923076923,0.00369073749972453,0.0010230202413448,0.00092307692307692,0.00369073749972453,0.0010230202413448,2,0,0,NaN,NaN,NaN
10014,Primary,CurvedBlind,Medium,Dense,Default,Link-delay-aware,PosDeg_Emerg,0.988727272727273,0.00928548723725688,0.00257380574889751,0.0112727272727273,0.00928548723725687,0.00257380574889751,2.03,4.48597845338221e-16,1.24344978758018e-16,1,0,0
10014,Primary,CurvedBlind,Medium,Dense,Default,Link-delay-aware,Recovery,0.993774834437086,0.00633375031345924,0.00175562601641986,0.00622516556291391,0.00633375031345924,0.00175562601641986,1.07284768211921,2.24298922669111e-16,6.21724893790088e-17,NaN,NaN,NaN
10014,Primary,CurvedBlind,Medium,Dense,Default,Link-delay-aware,Full,0.968485856905158,0.00631054107017387,0.00174919274240105,0.0315141430948419,0.00631054107017387,0.00174919274240105,1.62945091514143,2.24298922669111e-16,6.21724893790088e-17,1,0,0
10014,Primary,CurvedBlind,Medium,Dense,Default,Confidence-driven,Normal,0.86768,0.0291018198463146,0.00806661291001372,0.13232,0.0291018198463146,0.00806661291001372,1.313008,0.00292629458530746,0.000811127476047989,NaN,NaN,NaN
10014,Primary,CurvedBlind,Medium,Dense,Default,Confidence-driven,Coop_1,0.9992,0.00218840481772879,0.000606594867546156,0.000800000000000005,0.00218840481772879,0.000606594867546155,2.00009333333333,0.000659966329107434,0.000182933333333331,NaN,NaN,NaN
10014,Primary,CurvedBlind,Medium,Dense,Default,Confidence-driven,LinkDeg_Emerg,0.999076923076923,0.00369073749972453,0.0010230202413448,0.00092307692307692,0.00369073749972453,0.0010230202413448,2.17953846153846,0.101275645790994,0.0280721767958805,NaN,NaN,NaN
10014,Primary,CurvedBlind,Medium,Dense,Default,Confidence-driven,PosDeg_Emerg,0.999090909090909,0.0033110516322031,0.000917776688299923,0.000909090909090906,0.0033110516322031,0.000917776688299922,3.32400727272727,0.178894393033986,0.0495869958647884,1,0,0
10014,Primary,CurvedBlind,Medium,Dense,Default,Confidence-driven,Recovery,0.997615894039735,0.00438880359687539,0.00121651429158143,0.00238410596026491,0.00438880359687539,0.00121651429158143,1.18953907284768,0.0844053529594061,0.0233959701988477,NaN,NaN,NaN
10014,Primary,CurvedBlind,Medium,Dense,Default,Confidence-driven,Full,0.971414309484193,0.0060944670241059,0.00168930007250153,0.028585690515807,0.0060944670241059,0.00168930007250153,1.91525990016639,0.041592658725601,0.0115288968047205,1,0,0
10014,Primary,CurvedBlind,Medium,Dense,Default,Oracle,Normal,0.9744,0.015161713327339,0.00420261252080179,0.0256,0.015161713327339,0.00420261252080179,1.64536,0.0128364277566238,0.00355807624426459,NaN,NaN,NaN
10014,Primary,CurvedBlind,Medium,Dense,Default,Oracle,Coop_1,0.9992,0.00218840481772879,0.000606594867546156,0.000800000000000005,0.00218840481772879,0.000606594867546155,2.00018666666667,0.00131993265821487,0.000365866666666661,NaN,NaN,NaN
10014,Primary,CurvedBlind,Medium,Dense,Default,Oracle,LinkDeg_Emerg,0.999076923076923,0.00369073749972453,0.0010230202413448,0.00092307692307692,0.00369073749972453,0.0010230202413448,2.18661538461538,0.0931921261185013,0.025831539457981,NaN,NaN,NaN
10014,Primary,CurvedBlind,Medium,Dense,Default,Oracle,PosDeg_Emerg,0.998181818181818,0.00410685410411476,0.00113836187945443,0.00181818181818181,0.00410685410411476,0.00113836187945443,2.93116363636364,0.115329361084168,0.0319676679306705,1,0,0
10014,Primary,CurvedBlind,Medium,Dense,Default,Oracle,Recovery,0.998543046357616,0.00307728589731138,0.000852980132450333,0.00145695364238411,0.00307728589731138,0.000852980132450333,1.13272847682119,0.028508734086582,0.00790221792470114,NaN,NaN,NaN
10014,Primary,CurvedBlind,Medium,Dense,Default,Oracle,Full,0.993677204658902,0.0030625383234431,0.000848892313530916,0.00632279534109816,0.0030625383234431,0.000848892313530916,1.89899833610649,0.0264313511279929,0.00732639674646239,1,0,0
10014,Primary,CurvedBlind,Medium,Dense,ForestGeometry,Link-delay-aware,Normal,0.86,0.0310995767410007,0.00862036286939245,0.14,0.0310995767410007,0.00862036286939245,3.69872,4.48597845338221e-16,1.24344978758018e-16,NaN,NaN,NaN
10014,Primary,CurvedBlind,Medium,Dense,ForestGeometry,Link-delay-aware,Coop_1,0.9992,0.00218840481772879,0.000606594867546156,0.000800000000000005,0.00218840481772879,0.000606594867546155,2,0,0,NaN,NaN,NaN
10014,Primary,CurvedBlind,Medium,Dense,ForestGeometry,Link-delay-aware,LinkDeg_Emerg,0.999076923076923,0.00369073749972453,0.0010230202413448,0.00092307692307692,0.00369073749972453,0.0010230202413448,2,0,0,NaN,NaN,NaN
10014,Primary,CurvedBlind,Medium,Dense,ForestGeometry,Link-delay-aware,PosDeg_Emerg,0.960363636363636,0.0194163445101618,0.00538193611664393,0.0389090909090909,0.0195272167576234,0.00541266833570991,2.22272727272727,0,0,0.833333333333333,0.161484047217268,0.0447610942175854
10014,Primary,CurvedBlind,Medium,Dense,ForestGeometry,Link-delay-aware,Recovery,0.984635761589404,0.00796501993560991,0.00220779088663227,0.015364238410596,0.00796501993560991,0.00220779088663227,1.27218543046358,0,0,NaN,NaN,NaN
10014,Primary,CurvedBlind,Medium,Dense,ForestGeometry,Link-delay-aware,Full,0.959467554076539,0.00862136864200173,0.00238972146610844,0.0403993344425956,0.00865590239257697,0.00239929373339937,2.2112146422629,0,0,0.833333333333333,0.161484047217268,0.0447610942175854
10014,Primary,CurvedBlind,Medium,Dense,ForestGeometry,Confidence-driven,Normal,0.88048,0.0304270556295826,0.00843394952794953,0.11952,0.0304270556295826,0.00843394952794953,3.915968,0.0102477011857214,0.00284051784799882,NaN,NaN,NaN
10014,Primary,CurvedBlind,Medium,Dense,ForestGeometry,Confidence-driven,Coop_1,0.9992,0.00218840481772879,0.000606594867546156,0.000800000000000005,0.00218840481772879,0.000606594867546155,2.00485333333333,0.0113121370414456,0.00313556441419335,NaN,NaN,NaN
10014,Primary,CurvedBlind,Medium,Dense,ForestGeometry,Confidence-driven,LinkDeg_Emerg,0.999384615384615,0.00304536405726395,0.000844131849820661,0.000615384615384613,0.00304536405726395,0.000844131849820661,2.29144615384615,0.167166563115034,0.0463362072635856,NaN,NaN,NaN
10014,Primary,CurvedBlind,Medium,Dense,ForestGeometry,Confidence-driven,PosDeg_Emerg,0.992363636363636,0.00765242590267856,0.00212114424133814,0.00472727272727271,0.00615754264474269,0.00170678374254082,3.62112545454546,0.246981820920225,0.0684598679977771,0.923333333333333,0.0964799980445467,0.0267428910595362
10014,Primary,CurvedBlind,Medium,Dense,ForestGeometry,Confidence-driven,Recovery,0.994701986754967,0.00583199054207092,0.00161654530356475,0.00529801324503312,0.00583199054207092,0.00161654530356475,1.40796556291391,0.0358572752413307,0.00993912961138283,NaN,NaN,NaN
10014,Primary,CurvedBlind,Medium,Dense,ForestGeometry,Confidence-driven,Full,0.972146422628952,0.00680508825050285,0.00188627422701336,0.0273211314475873,0.00670707433906285,0.00185910615685286,2.57919234608985,0.0498813562435427,0.0138264065397997,0.923333333333333,0.0964799980445467,0.0267428910595362
10014,Primary,CurvedBlind,Medium,Dense,ForestGeometry,Oracle,Normal,0.876,0.0268632211966701,0.00744610502209041,0.124,0.0268632211966701,0.00744610502209041,3.97472,8.97195690676443e-16,2.48689957516035e-16,NaN,NaN,NaN
10014,Primary,CurvedBlind,Medium,Dense,ForestGeometry,Oracle,Coop_1,0.9992,0.00218840481772879,0.000606594867546156,0.000800000000000005,0.00218840481772879,0.000606594867546155,2.00504,0.0113466588327431,0.00314513336654162,NaN,NaN,NaN
10014,Primary,CurvedBlind,Medium,Dense,ForestGeometry,Oracle,LinkDeg_Emerg,0.999384615384615,0.00304536405726395,0.000844131849820661,0.000615384615384613,0.00304536405726395,0.000844131849820661,2.28526153846154,0.145465981068948,0.0403211128051565,NaN,NaN,NaN
10014,Primary,CurvedBlind,Medium,Dense,ForestGeometry,Oracle,PosDeg_Emerg,0.992545454545455,0.00814980337129206,0.00225901024183762,0.00436363636363635,0.00615754264474269,0.00170678374254082,3.46217090909091,0.191249895150318,0.0530117663227064,0.93,0.101519074311085,0.0281396517391385
10014,Primary,CurvedBlind,Medium,Dense,ForestGeometry,Oracle,Recovery,0.99523178807947,0.00501329850501107,0.00138961544865024,0.00476821192052981,0.00501329850501107,0.00138961544865024,1.4236940397351,0.0232250703156055,0.00643766104777002,NaN,NaN,NaN
10014,Primary,CurvedBlind,Medium,Dense,ForestGeometry,Oracle,Full,0.971381031613977,0.00565504029159511,0.00156749719652346,0.0280532445923461,0.0055543310785998,0.00153958202688818,2.56564825291181,0.0383610167414974,0.0106331313478804,0.93,0.101519074311085,0.0281396517391385
10006,Reference,Mixed,Medium,Mixed,Default,Link-delay-aware,Normal,0.73792,0.0328682217346786,0.00911060624986066,0.26208,0.0328682217346786,0.00911060624986066,1.5236,0,0,0.958947368421053,0.0442141065503433,0.0122555250698141
10006,Reference,Mixed,Medium,Mixed,Default,Link-delay-aware,Coop_1,0.9992,0.00218840481772879,0.000606594867546156,0.000800000000000005,0.00218840481772879,0.000606594867546155,1.962,2.24298922669111e-16,6.21724893790088e-17,1,0,0
10006,Reference,Mixed,Medium,Mixed,Default,Link-delay-aware,LinkDeg_Emerg,0.992615384615385,0.00944799352096907,0.00261885019261525,0.00738461538461537,0.00944799352096907,0.00261885019261525,2.15230769230769,4.48597845338221e-16,1.24344978758018e-16,1,0,0
10006,Reference,Mixed,Medium,Mixed,Default,Link-delay-aware,PosDeg_Emerg,1,0,0,0,0,0,2.55,4.48597845338221e-16,1.24344978758018e-16,1,0,0
10006,Reference,Mixed,Medium,Mixed,Default,Link-delay-aware,Recovery,1,0,0,0,0,0,2.55,4.48597845338221e-16,1.24344978758018e-16,1,0,0
10006,Reference,Mixed,Medium,Mixed,Default,Link-delay-aware,Full,0.944492512479201,0.00672952901211799,0.00186533027467481,0.0555074875207986,0.00672952901211799,0.00186533027467481,2.14675540765392,4.48597845338221e-16,1.24344978758018e-16,0.997434210526316,0.00276338165939644,0.000765970316863378
10006,Reference,Mixed,Medium,Mixed,Default,Confidence-driven,Normal,0.91136,0.0229620449917703,0.00636475414764781,0.08864,0.0229620449917703,0.00636475414764781,2.14888,0.00307086373543872,0.000851200000000001,0.990526315789474,0.020425680762716,0.00566170985204589
10006,Reference,Mixed,Medium,Mixed,Default,Confidence-driven,Coop_1,0.9992,0.00218840481772879,0.000606594867546156,0.000800000000000005,0.00218840481772879,0.000606594867546155,1.98609333333333,0.000659966329107497,0.000182933333333348,1,0,0
10006,Reference,Mixed,Medium,Mixed,Default,Confidence-driven,LinkDeg_Emerg,0.996307692307692,0.00796077814341749,0.00220661512182301,0.00369230769230768,0.00796077814341749,0.00220661512182301,2.59688307692308,0.193112458180847,0.0535280424548218,1,0,0
10006,Reference,Mixed,Medium,Mixed,Default,Confidence-driven,PosDeg_Emerg,1,0,0,0,0,0,2.70047454545454,0.0520052032699089,0.0144151069005419,1,0,0
10006,Reference,Mixed,Medium,Mixed,Default,Confidence-driven,Recovery,1,0,0,0,0,0,3.10295364238411,0.0285560617042509,0.00791533647102246,1,0,0
10006,Reference,Mixed,Medium,Mixed,Default,Confidence-driven,Full,0.980965058236273,0.0046355585427141,0.00128491127301503,0.0190349417637271,0.0046355585427141,0.00128491127301503,2.4973703826955,0.025613791443454,0.00709978076365321,0.999407894736842,0.00127660504766974,0.000353856865752866
10006,Reference,Mixed,Medium,Mixed,Default,Oracle,Normal,0.94832,0.0204574620884908,0.00567051918610632,0.05168,0.0204574620884908,0.00567051918610632,2.31752,4.48597845338221e-16,1.24344978758018e-16,0.958947368421053,0.0442141065503433,0.0122555250698141
10006,Reference,Mixed,Medium,Mixed,Default,Oracle,Coop_1,0.9992,0.00218840481772879,0.000606594867546156,0.000800000000000005,0.00218840481772879,0.000606594867546155,1.96209333333333,0.000659966329107466,0.000182933333333339,1,0,0
10006,Reference,Mixed,Medium,Mixed,Default,Oracle,LinkDeg_Emerg,0.996307692307692,0.00796077814341749,0.00220661512182301,0.00369230769230768,0.00796077814341749,0.00220661512182301,2.28532307692308,0.0714425751276973,0.0198028715005839,1,0,0
10006,Reference,Mixed,Medium,Mixed,Default,Oracle,PosDeg_Emerg,1,0,0,0,0,0,2.55261818181818,0.01005406199457,0.0027868438026135,1,0,0
10006,Reference,Mixed,Medium,Mixed,Default,Oracle,Recovery,1,0,0,0,0,0,2.55,4.48597845338221e-16,1.24344978758018e-16,1,0,0
10006,Reference,Mixed,Medium,Mixed,Default,Oracle,Full,0.98865224625624,0.00416740099528874,0.00115514462144736,0.0113477537437604,0.00416740099528874,0.00115514462144736,2.326768718802,0.00816870701020277,0.00226425006321266,0.997434210526316,0.00276338165939644,0.000765970316863378
10006,Reference,Mixed,Medium,Mixed,ForestGeometry,Link-delay-aware,Normal,0.47408,0.0336633028561321,0.00933099149286934,0.49904,0.036172466696906,0.0100264962255017,3.09376,0,0,0.491578947368421,0.119645773372843,0.0331641163753604
10006,Reference,Mixed,Medium,Mixed,ForestGeometry,Link-delay-aware,Coop_1,0.9992,0.00218840481772879,0.000606594867546156,0.000800000000000005,0.00218840481772879,0.000606594867546155,1.962,2.24298922669111e-16,6.21724893790088e-17,1,0,0
10006,Reference,Mixed,Medium,Mixed,ForestGeometry,Link-delay-aware,LinkDeg_Emerg,0.884923076923077,0.0315811251809865,0.0087538412870069,0.115076923076923,0.0315811251809865,0.0087538412870069,2.15230769230769,4.48597845338221e-16,1.24344978758018e-16,0.945555555555555,0.053227881387642,0.0147540159839388
10006,Reference,Mixed,Medium,Mixed,ForestGeometry,Link-delay-aware,PosDeg_Emerg,0.996363636363636,0.0048592953074986,0.00134692794017833,0.00363636363636362,0.0048592953074986,0.00134692794017833,2.55,4.48597845338221e-16,1.24344978758018e-16,0.996363636363636,0.0048592953074986,0.00134692794017833
10006,Reference,Mixed,Medium,Mixed,ForestGeometry,Link-delay-aware,Recovery,0.99841059602649,0.00285708020256227,0.00079194222796524,0.00158940397350994,0.00285708020256227,0.00079194222796524,2.55,4.48597845338221e-16,1.24344978758018e-16,0.99841059602649,0.00285708020256227,0.00079194222796524
10006,Reference,Mixed,Medium,Mixed,ForestGeometry,Link-delay-aware,Full,0.876905158069883,0.00795130934760682,0.00220399050552987,0.117504159733777,0.00858939340053659,0.00238085838136097,2.47332778702164,4.48597845338221e-16,1.24344978758018e-16,0.962894736842105,0.00874211725882218,0.00242319127509132
10006,Reference,Mixed,Medium,Mixed,ForestGeometry,Confidence-driven,Normal,0.47152,0.0327028925887829,0.00906477934866591,0.49984,0.035048281567237,0.00971488800553049,3.1745808,0.0387833343042486,0.0107501918039551,0.497894736842105,0.114626519946875,0.0317728503068343
10006,Reference,Mixed,Medium,Mixed,ForestGeometry,Confidence-driven,Coop_1,0.9992,0.00218840481772879,0.000606594867546156,0.000800000000000005,0.00218840481772879,0.000606594867546155,1.99076,0.0111749720357593,0.00309754421437374,1,0,0
10006,Reference,Mixed,Medium,Mixed,ForestGeometry,Confidence-driven,LinkDeg_Emerg,0.988923076923077,0.013201457070489,0.00365925720790565,0.0110769230769231,0.013201457070489,0.00365925720790565,3.27444923076923,0.194071431828838,0.0537938563884555,0.992222222222222,0.0224758766008037,0.0062299951449558
10006,Reference,Mixed,Medium,Mixed,ForestGeometry,Confidence-driven,PosDeg_Emerg,0.999272727272727,0.00249134105107153,0.000690564507372751,0.000727272727272723,0.00249134105107153,0.000690564507372751,2.78926909090909,0.0960373162842224,0.0266201859358801,0.999272727272727,0.00249134105107153,0.000690564507372751
10006,Reference,Mixed,Medium,Mixed,ForestGeometry,Confidence-driven,Recovery,0.999867549668874,0.000936565273094769,0.000259602649006624,0.000132450331125828,0.00093656527309477,0.000259602649006624,3.08292715231788,0.0472520134007105,0.0130975898873411,0.999867549668874,0.000936565273094769,0.000259602649006624
10006,Reference,Mixed,Medium,Mixed,ForestGeometry,Confidence-driven,Full,0.888519134775374,0.00701111538091401,0.00194338203397403,0.105524126455907,0.00739614712320058,0.00205010738790365,2.79636838602329,0.0346053660975527,0.00959211810094484,0.967828947368421,0.00746840491062825,0.00207013622472524
10006,Reference,Mixed,Medium,Mixed,ForestGeometry,Oracle,Normal,0.5872,0.0467315389720249,0.0129533217361417,0.36,0.0440259663640188,0.0122033752708011,4.12032,8.97195690676443e-16,2.48689957516035e-16,0.506315789473684,0.117394404025252,0.0325400686305668
10006,Reference,Mixed,Medium,Mixed,ForestGeometry,Oracle,Coop_1,0.9992,0.00218840481772879,0.000606594867546156,0.000800000000000005,0.00218840481772879,0.000606594867546155,1.96694666666667,0.0113298033718351,0.00314046127114405,1,0,0
10006,Reference,Mixed,Medium,Mixed,ForestGeometry,Oracle,LinkDeg_Emerg,0.980923076923077,0.0168987980542779,0.00468410784164811,0.0190769230769231,0.0168987980542779,0.00468410784164811,2.83984615384615,0.0759627655247354,0.0210558043551278,0.948888888888889,0.0536404611070343,0.0148683772475448
10006,Reference,Mixed,Medium,Mixed,ForestGeometry,Oracle,PosDeg_Emerg,0.996909090909091,0.00472198934096046,0.00130886866800402,0.00309090909090908,0.00472198934096046,0.00130886866800402,2.60912727272727,0.0550149736589892,0.0152493726888997,0.996909090909091,0.00472198934096046,0.00130886866800402
10006,Reference,Mixed,Medium,Mixed,ForestGeometry,Oracle,Recovery,0.99841059602649,0.00285708020256227,0.00079194222796524,0.00158940397350994,0.00285708020256227,0.00079194222796524,2.5509536423841,0.00498493814193392,0.00138175435707112,0.99841059602649,0.00285708020256227,0.00079194222796524
10006,Reference,Mixed,Medium,Mixed,ForestGeometry,Oracle,Full,0.910915141430948,0.00966830569885564,0.00267991761272018,0.0781031613976706,0.00920242375337112,0.00255078172582946,2.77349417637272,0.0134053426367553,0.0037157714035709,0.96421052631579,0.00815668193749892,0.00226091688311503
10017,LongRange,LongMixed,Medium,Mixed,Default,Link-delay-aware,Normal,0.68,0.0377315977582153,0.0104586653068162,0.32,0.0377315977582153,0.0104586653068162,1.5944,2.24298922669111e-16,6.21724893790088e-17,0.973333333333333,0.0703086812392067,0.0194885721499664
10017,LongRange,LongMixed,Medium,Mixed,Default,Link-delay-aware,Coop_1,0.9156,0.0243783480751933,0.00675733333333333,0.0844,0.0243783480751933,0.00675733333333333,2.008,8.97195690676443e-16,2.48689957516035e-16,0.985833333333333,0.0274197447768596,0.00760036548828775
10017,LongRange,LongMixed,Medium,Mixed,Default,Link-delay-aware,LinkDeg_Emerg,0.987692307692308,0.0145785705070567,0.00404097357769403,0.0123076923076923,0.0145785705070567,0.00404097357769403,2.05076923076923,4.48597845338221e-16,1.24344978758018e-16,1,0,0
10017,LongRange,LongMixed,Medium,Mixed,Default,Link-delay-aware,PosDeg_Emerg,0.999454545454545,0.00218089034074631,0.000604511960794654,0.000545454545454542,0.00218089034074631,0.000604511960794654,2,0,0,NaN,NaN,NaN
10017,LongRange,LongMixed,Medium,Mixed,Default,Link-delay-aware,Recovery,0.984503311258278,0.0105018452614105,0.00291096299173155,0.0154966887417219,0.0105018452614105,0.00291096299173155,2,0,0,NaN,NaN,NaN
10017,LongRange,LongMixed,Medium,Mixed,Default,Link-delay-aware,Full,0.907054908485857,0.0105663053248994,0.00292883040975097,0.0929450915141431,0.0105663053248994,0.00292883040975097,1.92312811980033,2.24298922669111e-16,6.21724893790088e-17,0.986111111111111,0.0226225282757766,0.00627064491534332
10017,LongRange,LongMixed,Medium,Mixed,Default,Confidence-driven,Normal,0.90272,0.0241551448020533,0.00669546454250936,0.09728,0.0241551448020533,0.00669546454250936,2.506848,0.00248376278074603,0.000688463918008716,0.993333333333333,0.0329914439536929,0.00914476170639053
10017,LongRange,LongMixed,Medium,Mixed,Default,Confidence-driven,Coop_1,0.923733333333333,0.0228634911819027,0.00633743642527832,0.0762666666666667,0.0228634911819027,0.00633743642527832,2.13675733333333,0.0278410837227494,0.00771715468560789,1,0,0
10017,LongRange,LongMixed,Medium,Mixed,Default,Confidence-driven,LinkDeg_Emerg,0.990769230769231,0.0128152788897699,0.00355221407745521,0.00923076923076921,0.0128152788897699,0.00355221407745521,2.35095076923077,0.155904044039766,0.0432143962479304,1,0,0
10017,LongRange,LongMixed,Medium,Mixed,Default,Confidence-driven,PosDeg_Emerg,1,0,0,0,0,0,3.01694545454546,0.169523929356267,0.0469896358483127,NaN,NaN,NaN
10017,LongRange,LongMixed,Medium,Mixed,Default,Confidence-driven,Recovery,0.984503311258278,0.0105018452614105,0.00291096299173155,0.0154966887417219,0.0105018452614105,0.00291096299173155,2.03384105960265,0.0341246207629481,0.00945886229278475,NaN,NaN,NaN
10017,LongRange,LongMixed,Medium,Mixed,Default,Confidence-driven,Full,0.955840266222962,0.00897111697333425,0.00248666675749165,0.0441597337770382,0.00897111697333425,0.00248666675749165,2.3721387687188,0.0358786305447147,0.00994504899947898,0.998888888888889,0.00549857399228215,0.00152412695106509
10017,LongRange,LongMixed,Medium,Mixed,Default,Oracle,Normal,0.94992,0.0198482405532889,0.00550165159202216,0.05008,0.0198482405532889,0.00550165159202216,2.83904,4.48597845338221e-16,1.24344978758018e-16,0.973333333333333,0.0703086812392067,0.0194885721499664
10017,LongRange,LongMixed,Medium,Mixed,Default,Oracle,Coop_1,0.974266666666667,0.0158227139468547,0.00438583254480961,0.0257333333333333,0.0158227139468547,0.00438583254480961,2.28351333333333,0.0120965897257533,0.00335300360473017,0.985833333333333,0.0274197447768596,0.00760036548828775
10017,LongRange,LongMixed,Medium,Mixed,Default,Oracle,LinkDeg_Emerg,0.990461538461539,0.0131464583988907,0.00364401235391744,0.00953846153846152,0.0131464583988907,0.00364401235391744,2.26849230769231,0.103302894366726,0.0286341014321805,1,0,0
10017,LongRange,LongMixed,Medium,Mixed,Default,Oracle,PosDeg_Emerg,1,0,0,0,0,0,2.87525454545455,0.118827874484177,0.0329374063699643,NaN,NaN,NaN
10017,LongRange,LongMixed,Medium,Mixed,Default,Oracle,Recovery,0.984503311258278,0.0105018452614105,0.00291096299173155,0.0154966887417219,0.0105018452614105,0.00291096299173155,2.03560264900662,0.0321062265561371,0.00889939196233322,NaN,NaN,NaN
10017,LongRange,LongMixed,Medium,Mixed,Default,Oracle,Full,0.978236272878536,0.00661162439046819,0.0018326487809341,0.0217637271214642,0.00661162439046819,0.0018326487809341,2.44344925124792,0.0264360035703852,0.00732768633769973,0.986111111111111,0.0226225282757766,0.00627064491534332
10017,LongRange,LongMixed,Medium,Mixed,ForestGeometry,Link-delay-aware,Normal,0.42096,0.0417695133428432,0.0115779184035819,0.55808,0.0411923511822082,0.0114179372147512,3.70272,4.48597845338221e-16,1.24344978758018e-16,0.45,0.185194633167905,0.0513333333333333
10017,LongRange,LongMixed,Medium,Mixed,ForestGeometry,Link-delay-aware,Coop_1,0.805333333333333,0.0304464140250396,0.00843931540140813,0.141866666666667,0.0264288717271656,0.00732570949161619,4.1672,1.79439138135289e-15,4.9737991503207e-16,0.619166666666667,0.103444777516629,0.0286734294348541
10017,LongRange,LongMixed,Medium,Mixed,ForestGeometry,Link-delay-aware,LinkDeg_Emerg,0.906769230769231,0.0297166914950407,0.00823704663566417,0.0932307692307692,0.0297166914950407,0.00823704663566417,2.15846153846154,4.48597845338221e-16,1.24344978758018e-16,0.806666666666667,0.155620329889221,0.043135754697621
10017,LongRange,LongMixed,Medium,Mixed,ForestGeometry,Link-delay-aware,PosDeg_Emerg,0.999454545454545,0.00218089034074631,0.000604511960794654,0.000545454545454542,0.00218089034074631,0.000604511960794654,2,0,0,NaN,NaN,NaN
10017,LongRange,LongMixed,Medium,Mixed,ForestGeometry,Link-delay-aware,Recovery,0.943708609271523,0.0173030663748078,0.00479616530302744,0.0562913907284768,0.0173030663748078,0.00479616530302744,2.1158940397351,4.48597845338221e-16,1.24344978758018e-16,NaN,NaN,NaN
10017,LongRange,LongMixed,Medium,Mixed,ForestGeometry,Link-delay-aware,Full,0.806655574043261,0.0127341052873581,0.00352971390280548,0.175806988352745,0.0124768693985201,0.00345841175219161,2.94129783693843,4.48597845338221e-16,1.24344978758018e-16,0.622222222222222,0.0767423793881497,0.0212719022929425
10017,LongRange,LongMixed,Medium,Mixed,ForestGeometry,Confidence-driven,Normal,0.41184,0.042091911094554,0.0116672825010797,0.5672,0.0409599107141884,0.0113535080041369,3.7890064,0.0349125371177748,0.00967726156380699,0.45,0.185194633167905,0.0513333333333333
10017,LongRange,LongMixed,Medium,Mixed,ForestGeometry,Confidence-driven,Coop_1,0.881466666666667,0.0235717652693605,0.00653375998606893,0.0657333333333333,0.0173013834267877,0.00479569881363614,5.13085333333333,0.0612668376597435,0.0169823009774555,0.619166666666667,0.103444777516629,0.0286734294348541
10017,LongRange,LongMixed,Medium,Mixed,ForestGeometry,Confidence-driven,LinkDeg_Emerg,0.980307692307692,0.017316673058103,0.00479993688321422,0.0187692307692307,0.0173862685200581,0.00481922776106481,3.08819076923077,0.208975214604034,0.0579249742077992,0.933333333333334,0.0890870806374748,0.0246936789032695
10017,LongRange,LongMixed,Medium,Mixed,ForestGeometry,Confidence-driven,PosDeg_Emerg,1,0,0,0,0,0,3.091,0.252703796910227,0.0700459188233095,NaN,NaN,NaN
10017,LongRange,LongMixed,Medium,Mixed,ForestGeometry,Confidence-driven,Recovery,0.986225165562914,0.0088588078794472,0.00245553626491609,0.0137748344370861,0.0088588078794472,0.00245553626491609,2.59281589403974,0.0876264949618023,0.0242888252092469,NaN,NaN,NaN
10017,LongRange,LongMixed,Medium,Mixed,ForestGeometry,Confidence-driven,Full,0.842495840266223,0.0112027146917844,0.0031052340862935,0.139866888519135,0.0110237542006038,0.0030556287689572,3.61981930116472,0.0563714048675475,0.0156253562375672,0.643333333333333,0.0753675799587829,0.0208908273332261
10017,LongRange,LongMixed,Medium,Mixed,ForestGeometry,Oracle,Normal,0.54864,0.0493441723705928,0.0136775067669513,0.4304,0.0495794559165345,0.0137427240385595,5.09184,1.79439138135289e-15,4.9737991503207e-16,0.45,0.185194633167905,0.0513333333333333
10017,LongRange,LongMixed,Medium,Mixed,ForestGeometry,Oracle,Coop_1,0.888266666666667,0.0261709017760803,0.00725420386932831,0.0589333333333333,0.0200841765990011,0.00556704972733913,5.353008,0.013695070136065,0.00379607976911847,0.619166666666667,0.103444777516629,0.0286734294348541
10017,LongRange,LongMixed,Medium,Mixed,ForestGeometry,Oracle,LinkDeg_Emerg,0.987692307692308,0.0145785705070567,0.00404097357769403,0.0116923076923077,0.0144320484917644,0.00400035974713636,3.29060307692308,0.13848287587205,0.0383854947980778,0.92,0.0966561101437354,0.0267917068428937
10017,LongRange,LongMixed,Medium,Mixed,ForestGeometry,Oracle,PosDeg_Emerg,1,0,0,0,0,0,2.92976363636364,0.195059471277691,0.0540677269510463,NaN,NaN,NaN
10017,LongRange,LongMixed,Medium,Mixed,ForestGeometry,Oracle,Recovery,0.997350993377484,0.00423097062913867,0.00117276522496311,0.00264900662251656,0.00423097062913867,0.00117276522496311,2.92961059602649,0.0575520766072726,0.0159526217470251,NaN,NaN,NaN
10017,LongRange,LongMixed,Medium,Mixed,ForestGeometry,Oracle,Full,0.876239600665557,0.0123415501257248,0.00342090316342746,0.106156405990017,0.0122547646823392,0.00339684746582116,4.02323727121464,0.0419021966921403,0.011614696351629,0.641111111111111,0.0754678028487503,0.0209186077009955
