Config,Profile,Vegetation,Method,Stage,TimelyRateMean,TimelyRateStd,TimelyRateCI95,LossRateMean,LossRateStd,LossRateCI95,AvgDelayMean,AvgDelayStd,AvgDelayCI95,AvgTxCostMean,AvgTxCostStd,AvgTxCostCI95,EmergencyTimelyRateMean,EmergencyTimelyRateStd,EmergencyTimelyRateCI95
FG_blind_medium,blind,medium,Link-delay-aware,Normal,0.404,0.015663120165961,0.00970810245791283,0.596,0.015663120165961,0.00970810245791285,0.0149777498340674,0.00165611874958372,0.00102647303558134,1,0,0,NaN,NaN,NaN
FG_blind_medium,blind,medium,Link-delay-aware,Coop_1,0.933333333333333,0.00628539361054705,0.00389572732079961,0.0666666666666667,0.00628539361054711,0.00389572732079965,0.0121761658966386,0.000376044303196253,0.000233074673849295,1.034,2.3405556457178e-16,1.45069141884354e-16,NaN,NaN,NaN
FG_blind_medium,blind,medium,Link-delay-aware,LinkDeg_Emerg,0.870769230769231,0.0291902553246311,0.0180923076923076,0.129230769230769,0.0291902553246312,0.0180923076923077,0.0238812900937922,0.00175367544798002,0.00108693930369727,2.37030769230769,4.6811112914356e-16,2.90138283768708e-16,NaN,NaN,NaN
FG_blind_medium,blind,medium,Link-delay-aware,PosDeg_Emerg,0.920909090909091,0.0226969494679684,0.0140677150262793,0.0790909090909091,0.0226969494679685,0.0140677150262793,0.024698953277899,0.00111718345232262,0.00069243747762356,3.00009090909091,4.6811112914356e-16,2.90138283768708e-16,0.966101694915254,0.0195711955657501,0.0121303526859902
FG_blind_medium,blind,medium,Link-delay-aware,Recovery,0.966887417218543,0.0103541186751068,0.00641754924269638,0.0324503311258278,0.0110154304193154,0.00682743450829947,0.0142950748639464,0.000683925722174899,0.000423901554359849,2.20913907284768,0,0,0.977083333333334,0.0118259627541157,0.00732980765415539
FG_blind_medium,blind,medium,Link-delay-aware,Full,0.822628951747088,0.0053887777266738,0.003339999038452,0.17720465890183,0.00572372918484473,0.0035476041030813,0.0170083535402431,0.000285036150540115,0.000176667236433906,1.82655574043261,2.3405556457178e-16,1.45069141884354e-16,0.971028037383178,0.0102850928468654,0.00637476659111038
FG_blind_medium,blind,medium,Confidence-driven,Normal,0.4344,0.0206731172728686,0.0128133308359346,0.5656,0.0206731172728686,0.0128133308359345,0.0194782464902944,0.00255156004400536,0.00158147329984434,1.385568,0.0689111680676249,0.0427115844740063,NaN,NaN,NaN
FG_blind_medium,blind,medium,Confidence-driven,Coop_1,0.939333333333333,0.00798145999825246,0.00494696015900826,0.0606666666666667,0.00798145999825247,0.00494696015900826,0.0128134226452635,0.000494305485233936,0.000306373713877777,1.12748,0.0190528517680142,0.0118090798716642,NaN,NaN,NaN
FG_blind_medium,blind,medium,Confidence-driven,LinkDeg_Emerg,0.890769230769231,0.031151471894333,0.0193078823159513,0.109230769230769,0.0311514718943331,0.0193078823159513,0.0255351452880356,0.00194041123525723,0.00120267934375556,2.67418461538462,0.0978374398097874,0.0606402734467576,NaN,NaN,NaN
FG_blind_medium,blind,medium,Confidence-driven,PosDeg_Emerg,0.975454545454546,0.0171687460293519,0.0106412990362579,0.0236363636363636,0.0161489849629991,0.0100092445790459,0.0280135331599538,0.00101444951750195,0.000628762325126738,3.94103636363637,0.0474918039422565,0.0294357250469481,0.989830508474576,0.00875250473719194,0.00542485863938423
FG_blind_medium,blind,medium,Confidence-driven,Recovery,0.974172185430464,0.0105637846481284,0.00654750155912278,0.0251655629139073,0.010724024548778,0.00664681927850881,0.0149643222347939,0.000787134159783556,0.000487870806731633,2.45738410596026,0.0562039423764358,0.0348355643925172,0.983333333333334,0.00878410461157871,0.00544444444444437
FG_blind_medium,blind,medium,Confidence-driven,Full,0.844425956738769,0.00838392482408809,0.00519641044244599,0.155241264559068,0.0081532668508704,0.00505344714950018,0.0188354209350766,0.000474764112716207,0.000294261845708456,2.19753577371048,0.0281762902084282,0.0174638456022166,0.986915887850467,0.00482614747190984,0.00299127719367932
FG_blind_medium,blind,medium,Oracle,Normal,0.4664,0.0253122719468465,0.0156887086927014,0.5336,0.0253122719468465,0.0156887086927014,0.0239564620581891,0.00277921548401765,0.001722575603429,1.78792,0.0771309535789621,0.0478062603164063,NaN,NaN,NaN
FG_blind_medium,blind,medium,Oracle,Coop_1,0.943333333333333,0.00955813918560287,0.00592419604380474,0.0566666666666667,0.00955813918560297,0.0059241960438048,0.0130128108720997,0.000555502904671213,0.000344304267417682,1.20263333333333,0.0128831883945654,0.00798508289496747,NaN,NaN,NaN
FG_blind_medium,blind,medium,Oracle,LinkDeg_Emerg,0.912307692307692,0.0308119361759996,0.0190974358974359,0.0876923076923077,0.0308119361759996,0.0190974358974359,0.027479303159921,0.00215144540276404,0.00133347967590961,2.86707692307692,0.06015233783931,0.0372828052546056,NaN,NaN,NaN
FG_blind_medium,blind,medium,Oracle,PosDeg_Emerg,0.981818181818182,0.014845392380504,0.0092012695255351,0.0172727272727273,0.0145011952897035,0.00898793395843218,0.0283730462131875,0.000903034067392567,0.000559706313706554,3.77108181818182,0.0388385192626156,0.0240723636363649,0.993220338983051,0.00875250473719194,0.00542485863938423
FG_blind_medium,blind,medium,Oracle,Recovery,0.980132450331126,0.00698074538668541,0.00432671081677719,0.019205298013245,0.00728811214976567,0.00451721871025712,0.0154094365396907,0.000536561984662674,0.000332564563569299,2.32898675496689,0.0223756150325103,0.0138685498797677,0.98125,0.00658807845868403,0.00408333333333327
FG_blind_medium,blind,medium,Oracle,Full,0.857071547420965,0.00878525969569443,0.00544516037299654,0.142595673876872,0.00904746080916377,0.00560767430682123,0.0198471886276526,0.000585972548886829,0.000363189548560082,2.25747254575707,0.0197510762709183,0.0122418439021381,0.98785046728972,0.00451444758448296,0.00279808360190467
FG_blind_sparse,blind,sparse,Link-delay-aware,Normal,1,0,0,0,0,0,0.0120310718510553,0.000198330642547567,0.000122926605809982,1,0,0,NaN,NaN,NaN
FG_blind_sparse,blind,sparse,Link-delay-aware,Coop_1,0.96,0.00628539361054717,0.00389572732079968,0.04,0.00628539361054709,0.00389572732079963,0.0121956696473822,0.000374273752878602,0.000231977275393015,1.02266666666667,2.3405556457178e-16,1.45069141884354e-16,NaN,NaN,NaN
FG_blind_sparse,blind,sparse,Link-delay-aware,LinkDeg_Emerg,0.913846153846154,0.0180582737042657,0.0111926340011763,0.0861538461538462,0.0180582737042657,0.0111926340011763,0.0179172398953433,0.000865626764795581,0.000536521027349951,1.93615384615385,2.3405556457178e-16,1.45069141884354e-16,NaN,NaN,NaN
FG_blind_sparse,blind,sparse,Link-delay-aware,PosDeg_Emerg,0.993636363636364,0.00613589597918679,0.00380306772889947,0.00636363636363634,0.00613589597918684,0.0038030677288995,0.0141210445288858,0.000470472737132174,0.000291602023564863,2.40718181818182,4.6811112914356e-16,2.90138283768708e-16,0.994915254237288,0.00818721850067203,0.00507449060006411
FG_blind_sparse,blind,sparse,Link-delay-aware,Recovery,0.977483443708609,0.0113423687228833,0.00703007296825019,0.0218543046357616,0.0121111405954483,0.00750656271145232,0.0145023270412981,0.000699421640955806,0.00043350602432564,2.20675496688742,0,0,0.977083333333334,0.0118259627541157,0.00732980765415539
FG_blind_sparse,blind,sparse,Link-delay-aware,Full,0.9738768718802,0.0042997332098312,0.00266500225373013,0.0259567387687188,0.00458703785427293,0.00284307551725114,0.013685742632195,0.000229488052810125,0.000142238168764692,1.66765391014975,2.3405556457178e-16,1.45069141884354e-16,0.986915887850467,0.00653463456803852,0.00405020846672696
FG_blind_sparse,blind,sparse,Confidence-driven,Normal,1,0,0,0,0,0,0.0120413154466624,0.00017523415416606,0.000108611253999495,1.00048,0.0015178932768808,0.000940799999999983,NaN,NaN,NaN
FG_blind_sparse,blind,sparse,Confidence-driven,Coop_1,0.962,0.00773001205818949,0.00479111111111119,0.038,0.00773001205818936,0.0047911111111111,0.0123988442573863,0.000488203846498461,0.00030259187900851,1.08272,0.0162757351771157,0.0100878051756683,NaN,NaN,NaN
FG_blind_sparse,blind,sparse,Confidence-driven,LinkDeg_Emerg,0.927692307692308,0.02057682322845,0.012753647168862,0.0723076923076923,0.0205768232284501,0.0127536471688621,0.0190334490578901,0.00108055162022376,0.000669732832861302,2.19941538461538,0.115123917457706,0.071354543296204,NaN,NaN,NaN
FG_blind_sparse,blind,sparse,Confidence-driven,PosDeg_Emerg,0.996363636363636,0.00469452526813018,0.00290969690657879,0.00363636363636362,0.00469452526813018,0.00290969690657879,0.0144042125294645,0.000483893695961948,0.000299920420028809,2.86944545454545,0.0622349063058802,0.0385735945631764,0.998305084745763,0.00535979264435321,0.0033220338983051
FG_blind_sparse,blind,sparse,Confidence-driven,Recovery,0.981456953642384,0.00926100528185575,0.00574003054224871,0.0178807947019868,0.00989691468938624,0.00613417127646033,0.0149467658550335,0.000625402402482588,0.000387628425013319,2.44003973509934,0.0366839757505638,0.0227369637324246,0.983333333333334,0.00878410461157871,0.00544444444444437
FG_blind_sparse,blind,sparse,Confidence-driven,Full,0.977371048252912,0.00458703785427292,0.00284307551725113,0.0224625623960067,0.00485104150985464,0.00300670667825191,0.0140243664891809,0.000250168858227739,0.000155056264762108,1.85443427620632,0.016647474698982,0.0103182117184066,0.991588785046729,0.00530510478689296,0.00328813801307901
FG_blind_sparse,blind,sparse,Oracle,Normal,1,0,0,0,0,0,0.0120310718510553,0.000198330642547567,0.000122926605809982,1.00028,0.000885437744847119,0.000548799999999983,NaN,NaN,NaN
FG_blind_sparse,blind,sparse,Oracle,Coop_1,0.966,0.00913546879604209,0.00566222222222228,0.034,0.00913546879604196,0.00566222222222221,0.0127234617711085,0.000560346582272301,0.000347306409897994,1.13703333333333,0.0120351850427128,0.00745948497212642,NaN,NaN,NaN
FG_blind_sparse,blind,sparse,Oracle,LinkDeg_Emerg,0.946153846153846,0.0166172838420715,0.0102994992314261,0.0538461538461538,0.0166172838420714,0.010299499231426,0.0209830941021248,0.00119728841337061,0.000742087046866541,2.38776923076923,0.0874546562326931,0.0542049575137407,NaN,NaN,NaN
FG_blind_sparse,blind,sparse,Oracle,PosDeg_Emerg,0.996363636363636,0.00469452526813018,0.00290969690657879,0.00272727272727271,0.00439132628672405,0.00272177223094345,0.0146974399349467,0.000480395696436632,0.000297752337460988,2.61727272727273,0.048210968883244,0.0298814680954129,0.998305084745763,0.00535979264435321,0.0033220338983051
FG_blind_sparse,blind,sparse,Oracle,Recovery,0.9841059602649,0.00711899138922632,0.00441239657688396,0.0152317880794702,0.00767881992535369,0.00475938189845475,0.0150622332339705,0.000461122639596847,0.000285806773071817,2.28624503311258,0.0195597957004592,0.0121232869762799,0.98125,0.00658807845868403,0.00408333333333327
FG_blind_sparse,blind,sparse,Oracle,Full,0.981031613976705,0.00385857507064358,0.00239156960621185,0.0186356073211315,0.00406056688135841,0.0025167654275617,0.0143976032261102,0.000258880128624644,0.000160455566092601,1.80352412645591,0.0111078398129605,0.00688471044387774,0.990654205607477,0.00440564972701904,0.00273064999121473
FG_curved_dense,curved,dense,Link-delay-aware,Normal,0.3616,0.0154574685292687,0.00958063825292101,0.6384,0.0154574685292687,0.00958063825292102,0.0225975001902807,0.0015249433288955,0.000945169667509849,1.10064,0,0,NaN,NaN,NaN
FG_curved_dense,curved,dense,Link-delay-aware,Coop_1,0.878666666666667,0.00612624388981798,0.00379708530192883,0.121333333333333,0.00612624388981797,0.00379708530192882,0.0124542508625282,0.000292211371127577,0.000181114484228926,1.038,0,0,NaN,NaN,NaN
FG_curved_dense,curved,dense,Link-delay-aware,LinkDeg_Emerg,0.990769230769231,0.00794458122298937,0.00492410245728709,0.00923076923076918,0.00794458122298953,0.00492410245728718,0.0124144140549506,0.000482220693162321,0.000298883482150591,1.45169230769231,0,0,NaN,NaN,NaN
FG_curved_dense,curved,dense,Link-delay-aware,PosDeg_Emerg,0.943636363636364,0.0103208402217738,0.0063969230436266,0.0554545454545455,0.0100045903146783,0.00620090932044387,0.0181922438245066,0.000275260681456286,0.00017060833792362,2.315,4.6811112914356e-16,2.90138283768708e-16,0.915094339622642,0.0270513373177438,0.0167665925768058
FG_curved_dense,curved,dense,Link-delay-aware,Recovery,0.979470198675497,0.0110154304193153,0.00682743450829944,0.0198675496688741,0.0120910056844408,0.00749408296431567,0.0144631048678324,0.000404598809301677,0.000250772940093142,2.09735099337748,4.6811112914356e-16,2.90138283768708e-16,0.95,0.0247683983305421,0.0153516123328897
FG_curved_dense,curved,dense,Link-delay-aware,Full,0.820465890183028,0.0058932008692798,0.00365264374133844,0.179201331114809,0.00560424540391307,0.00347354728840754,0.0151941329187332,0.000172193652697604,0.000106726731665092,1.59565723793677,0,0,0.932710280373832,0.0210366891166782,0.0130386749993654
FG_curved_dense,curved,dense,Confidence-driven,Normal,0.4512,0.0247870934157275,0.0153631996667361,0.5488,0.0247870934157275,0.0153631996667361,0.034077250230457,0.0017829040312133,0.00110505536727347,1.649584,0.144323832420167,0.0894528380940671,NaN,NaN,NaN
FG_curved_dense,curved,dense,Confidence-driven,Coop_1,0.886,0.00583730023847277,0.00361799617140433,0.114,0.00583730023847277,0.00361799617140432,0.0137185356232761,0.000833334205660401,0.000516505891834753,1.26798666666667,0.0462032952702187,0.0286370990979985,NaN,NaN,NaN
FG_curved_dense,curved,dense,Confidence-driven,LinkDeg_Emerg,0.987692307692308,0.00648672340547344,0.00402051282051272,0.0123076923076922,0.00648672340547356,0.0040205128205128,0.012537566065717,0.000459844475665658,0.000285014558859673,1.69152307692308,0.125686950267144,0.0779015788608789,NaN,NaN,NaN
FG_curved_dense,curved,dense,Confidence-driven,PosDeg_Emerg,0.985454545454546,0.010670798097975,0.00661382918251317,0.0136363636363636,0.00981930408849675,0.00608606772766084,0.0201856162881817,0.000934369018223,0.000579127917445291,2.77604545454545,0.0541188748689384,0.0335432261623324,0.971698113207547,0.0203796877308424,0.0126314613215603
FG_curved_dense,curved,dense,Confidence-driven,Recovery,0.99271523178808,0.00488652177067972,0.00302869757174399,0.00596026490066224,0.00579864262099939,0.00359403593185857,0.015215069054297,0.000435733000296902,0.000270070111596859,2.39390728476821,0.0987041061586961,0.0611774388150164,0.983333333333334,0.0105119668925471,0.00651538458147133
FG_curved_dense,curved,dense,Confidence-driven,Full,0.851580698835275,0.0040605668813585,0.00251676542756176,0.147920133111481,0.00425659098266221,0.00263826242429759,0.0176295369788841,0.000288795732480702,0.000178997449462435,1.95206322795341,0.052334857922306,0.0324374810029357,0.977570093457944,0.0109699793530587,0.00679926364557441
FG_curved_dense,curved,dense,Oracle,Normal,0.52,0.0339411254969543,0.021036927532318,0.48,0.0339411254969543,0.021036927532318,0.0416502670928909,0.00306058280677536,0.00189696887684439,2.1688,0.143385826046758,0.0888714557205206,NaN,NaN,NaN
FG_curved_dense,curved,dense,Oracle,Coop_1,0.906666666666667,0.0094280904158207,0.00584359098119949,0.0933333333333334,0.00942809041582067,0.00584359098119947,0.0152469829110438,0.000878073598442423,0.000544235654770274,1.37906666666667,0.0480996393816226,0.0298124653554174,NaN,NaN,NaN
FG_curved_dense,curved,dense,Oracle,LinkDeg_Emerg,0.990769230769231,0.00794458122298937,0.00492410245728709,0.00923076923076918,0.00794458122298953,0.00492410245728718,0.0132899975432093,0.000802299901916103,0.000497270631090577,1.68361538461538,0.101274099006211,0.0627703368848402,NaN,NaN,NaN
FG_curved_dense,curved,dense,Oracle,PosDeg_Emerg,0.985454545454546,0.00878265257344804,0.00544354446188687,0.0136363636363636,0.00772578714180725,0.00478849248080763,0.0199387493991757,0.000519048275738726,0.000321709454315828,2.68712727272727,0.0278790579697063,0.0172796191520117,0.969811320754717,0.0182281468505529,0.0112979224680673
FG_curved_dense,curved,dense,Oracle,Recovery,0.99271523178808,0.00579864262099945,0.00359403593185861,0.00596026490066226,0.0065856220265679,0.00408181082093398,0.0152734350749836,0.000338671163543789,0.00020991056190508,2.33884105960265,0.0779794708207821,0.048332176751549,0.97962962962963,0.0162147228846467,0.0100499893650121
FG_curved_dense,curved,dense,Oracle,Full,0.871381031613977,0.00617860119429123,0.00382953669544818,0.128119800332779,0.00560150024312936,0.00347184582012604,0.0192796929913605,0.000599245770153256,0.000371416376333583,2.05681198003328,0.0451477452882993,0.0279828624411036,0.974766355140187,0.0146450582847889,0.00907710116658697
FG_curved_medium,curved,medium,Link-delay-aware,Normal,0.5816,0.0146302578393015,0.00906792775543441,0.4184,0.0146302578393015,0.00906792775543441,0.0149289976084862,0.000978431734234486,0.000606438271773226,1.0176,0,0,NaN,NaN,NaN
FG_curved_medium,curved,medium,Link-delay-aware,Coop_1,0.892666666666667,0.0066295261734116,0.00410902289307349,0.107333333333333,0.0066295261734116,0.00410902289307349,0.0124896575108801,0.000300838025867272,0.000186461340231729,1.01133333333333,2.3405556457178e-16,1.45069141884354e-16,NaN,NaN,NaN
FG_curved_medium,curved,medium,Link-delay-aware,LinkDeg_Emerg,0.992307692307692,0.00810840425684179,0.0050256410256409,0.00769230769230765,0.00810840425684196,0.005025641025641,0.0125396590489658,0.000489109831252098,0.000303153414176498,1.45169230769231,0,0,NaN,NaN,NaN
FG_curved_medium,curved,medium,Link-delay-aware,PosDeg_Emerg,0.960909090909091,0.00963045368610353,0.00596901703557488,0.0381818181818182,0.00938905053626043,0.00581939381315762,0.0159357661594455,0.000332206266986031,0.00020590357750494,2.30863636363636,0,0,0.949056603773585,0.0178996848688775,0.0110943396226414
FG_curved_medium,curved,medium,Link-delay-aware,Recovery,0.989403973509934,0.00946914374813575,0.00586903610018794,0.0105960264900662,0.00946914374813564,0.00586903610018787,0.013631533909448,0.000340380561118179,0.0002109700574984,2.09337748344371,0,0,0.975925925925926,0.0231789917969365,0.014366487957157
FG_curved_medium,curved,medium,Link-delay-aware,Full,0.875540765391015,0.00462710008089077,0.00286790634256418,0.124292845257903,0.00429973320983132,0.0026650022537302,0.0138538111662659,0.000151010803815561,9.35974659046034e-05,1.56956738768719,0,0,0.962616822429906,0.0170630080219679,0.010575761940296
FG_curved_medium,curved,medium,Confidence-driven,Normal,0.628,0.0248014336503177,0.0153720878362194,0.372,0.0248014336503177,0.0153720878362194,0.0199503406726288,0.00219386545696096,0.0013597718978967,1.3286,0.117496300461854,0.0728249615161786,NaN,NaN,NaN
FG_curved_medium,curved,medium,Confidence-driven,Coop_1,0.900666666666666,0.0066295261734118,0.00410902289307361,0.0993333333333334,0.0066295261734118,0.00410902289307361,0.0138665616595246,0.00062515705306733,0.000387476355870257,1.19768,0.0465570649450348,0.0288563678141436,NaN,NaN,NaN
FG_curved_medium,curved,medium,Confidence-driven,LinkDeg_Emerg,0.989230769230769,0.00743147525445593,0.00460607608313498,0.0107692307692307,0.00743147525445608,0.00460607608313507,0.0127864665582984,0.000555397793413546,0.00034423911878522,1.64443076923077,0.0908877048062272,0.0563327830645712,NaN,NaN,NaN
FG_curved_medium,curved,medium,Confidence-driven,PosDeg_Emerg,0.987272727272728,0.0114991914915213,0.00712727272727265,0.0118181818181818,0.00963045368610345,0.00596901703557483,0.0171154988002738,0.000663977691046162,0.00041153763657211,2.69259090909091,0.0489224804247412,0.0303224675177281,0.977358490566038,0.0194867086601632,0.0120779871593838
FG_curved_medium,curved,medium,Confidence-driven,Recovery,0.996688741721854,0.00349037269334237,0.00216335540838839,0.00331125827814571,0.0034903726933426,0.00216335540838853,0.0140336755754378,0.000222387024719709,0.00013783690595576,2.31388741721854,0.0780603358275573,0.0483822974020142,0.994444444444445,0.00894529428777103,0.00554435084081063
FG_curved_medium,curved,medium,Confidence-driven,Full,0.89351081530782,0.00526169327815033,0.00326123128119797,0.106322795341098,0.00498859829656548,0.00309196525796148,0.0153415629930977,0.000344785432339811,0.000213700224966977,1.82728286189684,0.0403523012732438,0.0250106154471415,0.985981308411215,0.0118625749312522,0.00735250011664577
FG_curved_medium,curved,medium,Oracle,Normal,0.6832,0.0223745887609632,0.0138679137900727,0.3168,0.0223745887609632,0.0138679137900727,0.0252273447786769,0.00202035136272895,0.00125222674808951,1.72464,0.102465742784818,0.0635089253508338,NaN,NaN,NaN
FG_curved_medium,curved,medium,Oracle,Coop_1,0.922,0.012976712285028,0.0080430496028298,0.078,0.0129767122850279,0.00804304960282976,0.0152187411450289,0.00111446596028727,0.000690753158609966,1.30323333333333,0.0408588204660462,0.0253245592953993,NaN,NaN,NaN
FG_curved_medium,curved,medium,Oracle,LinkDeg_Emerg,0.992307692307692,0.00810840425684179,0.0050256410256409,0.00769230769230765,0.00810840425684196,0.005025641025641,0.0128773177779475,0.000469945245436985,0.000291275080824954,1.63123076923077,0.0788512193494777,0.0488724920874744,NaN,NaN,NaN
FG_curved_medium,curved,medium,Oracle,PosDeg_Emerg,0.990909090909091,0.00742269619025197,0.00460063476276754,0.00818181818181816,0.00670786170338747,0.00415757575757576,0.0173947376644978,0.000597975159751189,0.000370628843847293,2.60894545454545,0.0172806042645113,0.0107106294886954,0.981132075471698,0.015405595866561,0.00954848724347998
FG_curved_medium,curved,medium,Oracle,Recovery,1,0,0,0,0,0,0.0141876634061085,0.000227382043275795,0.000140932850531799,2.27629801324503,0.0631003970857026,0.0391100313061667,1,0,0
FG_curved_medium,curved,medium,Oracle,Full,0.912146422628952,0.00428181010884501,0.0026538934006476,0.0876871880199667,0.00392575449122274,0.00243320784247227,0.0166630319624715,0.000347470886271357,0.000215364686558105,1.90981697171381,0.0317327870310033,0.0196681851705125,0.990654205607477,0.00763080916754893,0.00472962452247142
FG_curved_sparse,curved,sparse,Link-delay-aware,Normal,0.9464,0.00386436713231719,0.00239515956323025,0.0536,0.00386436713231718,0.00239515956323025,0.0121520821447292,0.000296920145032863,0.00018403301253231,1,0,0,NaN,NaN,NaN
FG_curved_sparse,curved,sparse,Link-delay-aware,Coop_1,0.962666666666667,0.00716645133182112,0.00444181255406317,0.0373333333333333,0.00716645133182093,0.00444181255406304,0.012330381247029,0.000276091562432725,0.00017112332328823,1.00733333333333,0,0,NaN,NaN,NaN
FG_curved_sparse,curved,sparse,Link-delay-aware,LinkDeg_Emerg,0.992307692307692,0.00810840425684179,0.0050256410256409,0.00769230769230765,0.00810840425684196,0.005025641025641,0.0125388074587001,0.000488269857892661,0.00030263279329452,1.45169230769231,0,0,NaN,NaN,NaN
FG_curved_sparse,curved,sparse,Link-delay-aware,PosDeg_Emerg,0.990909090909091,0.00428549564355478,0.00265617771872699,0.00909090909090905,0.00428549564355484,0.00265617771872702,0.013196998946144,0.000226640263061016,0.000140473090391417,2.28409090909091,0,0,0.994339622641509,0.00911407342527643,0.00564896123403365
FG_curved_sparse,curved,sparse,Link-delay-aware,Recovery,0.990066225165563,0.00643592924375871,0.00398903027291266,0.00993377483443709,0.0064359292437586,0.00398903027291259,0.012739678127348,0.0001979625313249,0.000122698448110386,2.0841059602649,0,0,0.987037037037037,0.0175682092231577,0.0108888888888889
FG_curved_sparse,curved,sparse,Link-delay-aware,Full,0.974542429284526,0.00342347184958648,0.00212188983583188,0.0254575707154742,0.00342347184958644,0.00212188983583186,0.0125838294058492,0.000136690156506174,8.47214367437414e-05,1.55808652246256,0,0,0.990654205607477,0.0116562535413517,0.00722462079431473
FG_curved_sparse,curved,sparse,Confidence-driven,Normal,0.952,0.00754247233265651,0.00467487278495956,0.048,0.00754247233265651,0.00467487278495956,0.012791562622137,0.000586966404819522,0.000363805546849104,1.05056,0.0388377273622784,0.0240718728114508,NaN,NaN,NaN
FG_curved_sparse,curved,sparse,Confidence-driven,Coop_1,0.964666666666667,0.0077300120581894,0.00479111111111113,0.0353333333333333,0.00773001205818938,0.00479111111111111,0.0131917697183237,0.000439065891317453,0.000272135858853199,1.11608,0.0295351608831751,0.0183060823722673,NaN,NaN,NaN
FG_curved_sparse,curved,sparse,Confidence-driven,LinkDeg_Emerg,0.992307692307692,0.00810840425684179,0.0050256410256409,0.00769230769230765,0.00810840425684196,0.005025641025641,0.0126758102879718,0.000549104278326525,0.000340338357721151,1.59384615384615,0.0676950271404024,0.041957812517995,NaN,NaN,NaN
FG_curved_sparse,curved,sparse,Confidence-driven,PosDeg_Emerg,0.996363636363636,0.00635641726163722,0.00393974823581607,0.00363636363636363,0.00635641726163728,0.00393974823581611,0.0133307014156333,0.000268147805970408,0.000166199732022904,2.59294545454545,0.03591337910721,0.0222593429845701,0.99622641509434,0.00795541549727899,0.00493081761006292
FG_curved_sparse,curved,sparse,Confidence-driven,Recovery,0.995364238410596,0.00545213643939448,0.00337926917544748,0.00463576158940397,0.00545213643939444,0.00337926917544746,0.0130019731589706,0.000207597272448611,0.000128670122527322,2.27,0.0594450946783501,0.0368444514019564,0.990740740740741,0.013094570021973,0.00811609858499916
FG_curved_sparse,curved,sparse,Confidence-driven,Full,0.978535773710483,0.00371644272163098,0.00230347506360617,0.0214642262895175,0.00371644272163081,0.00230347506360606,0.0130327356741665,0.000159805380132527,9.904840077929e-05,1.71435274542429,0.0209137392892948,0.012962469906844,0.993457943925234,0.00990046640627457,0.00613637265339468
FG_curved_sparse,curved,sparse,Oracle,Normal,0.9592,0.00957775199790293,0.00593635219080989,0.0408,0.00957775199790292,0.00593635219080989,0.0131000655782695,0.000855943150549706,0.000530519061058065,1.08692,0.0339691101509069,0.0210542726005383,NaN,NaN,NaN
FG_curved_sparse,curved,sparse,Oracle,Coop_1,0.972,0.00756861616263391,0.00469107689865936,0.028,0.00756861616263396,0.00469107689865939,0.0132932968291449,0.000462033205258142,0.000286371147515787,1.14806666666667,0.0289226298686434,0.0179264317161582,NaN,NaN,NaN
FG_curved_sparse,curved,sparse,Oracle,LinkDeg_Emerg,0.992307692307692,0.00810840425684179,0.0050256410256409,0.00769230769230765,0.00810840425684196,0.005025641025641,0.0127495836879798,0.000488408219262923,0.000302718550560281,1.59015384615385,0.066607468786116,0.0412837368663687,NaN,NaN,NaN
FG_curved_sparse,curved,sparse,Oracle,PosDeg_Emerg,0.999090909090909,0.00287479787288033,0.00178181818181817,0.000909090909090904,0.00287479787288033,0.00178181818181817,0.0136757593107858,0.000319131631352891,0.000197799834382146,2.42254545454545,0.00201235851101736,0.00124727272727342,0.99811320754717,0.00596656162295924,0.00369811320754719
FG_curved_sparse,curved,sparse,Oracle,Recovery,0.999337748344371,0.00209422361600542,0.00129801324503303,0.000662251655629142,0.00209422361600556,0.00129801324503312,0.013173139406248,0.000171991497496614,0.0001066014345734,2.20596026490066,0.0576968635928934,0.0357608865491115,1,0,0
FG_curved_sparse,curved,sparse,Oracle,Full,0.983361064891847,0.00271712672521717,0.00168409259202814,0.0166389351081531,0.00271712672521707,0.00168409259202808,0.0132372487847766,0.000224029718439784,0.000138855058071844,1.68222129783694,0.0182574965090738,0.0113161135748843,0.999065420560748,0.00295539968240025,0.00183177570093451
FG_straight_dense,straight,dense,Link-delay-aware,Normal,0.6688,0.0313716078290192,0.0194443239818491,0.3312,0.0313716078290192,0.0194443239818491,0.0640467868672093,0.0017456752469511,0.0010819807277271,2.62224,4.6811112914356e-16,2.90138283768708e-16,NaN,NaN,NaN
FG_straight_dense,straight,dense,Link-delay-aware,Coop_1,0.898666666666667,0.00756861616263393,0.00469107689865938,0.101333333333333,0.00756861616263396,0.00469107689865939,0.0127753840759797,0.000415243092888408,0.000257370335411326,1,0,0,NaN,NaN,NaN
FG_straight_dense,straight,dense,Link-delay-aware,LinkDeg_Emerg,1,0,0,0,0,0,0.0120326630852676,0.000196739915300424,0.000121940662847518,1.23076923076923,0,0,NaN,NaN,NaN
FG_straight_dense,straight,dense,Link-delay-aware,PosDeg_Emerg,0.990909090909091,0.00857099128710958,0.00531235543745399,0.00909090909090906,0.00857099128710965,0.00531235543745404,0.012843043846841,0.000264685773716502,0.000164053942200863,2.215,0,0,0.986046511627907,0.0224672507692859,0.0139253462978503
FG_straight_dense,straight,dense,Link-delay-aware,Recovery,0.999337748344371,0.00209422361600542,0.00129801324503303,0.000662251655629142,0.00209422361600556,0.00129801324503312,0.0121341921689891,0.000132746936746976,8.22774038160263e-05,2.18675496688742,0,0,0.9984375,0.00494105884401309,0.0030625
FG_straight_dense,straight,dense,Link-delay-aware,Full,0.903993344425957,0.00701778306728182,0.00434966700904435,0.0960066555740433,0.00701778306728186,0.00434966700904438,0.0204128431023694,0.000484975410254974,0.000300590873493738,1.88291181364393,4.6811112914356e-16,2.90138283768708e-16,0.993457943925234,0.00886619904720099,0.00549532710280369
FG_straight_dense,straight,dense,Confidence-driven,Normal,0.7056,0.0284222135348783,0.0176162704591207,0.2944,0.0284222135348783,0.0176162704591207,0.0656577872307722,0.00196415919700842,0.00121739848294394,2.838264,0.0566463530649199,0.0351097733781325,NaN,NaN,NaN
FG_straight_dense,straight,dense,Confidence-driven,Coop_1,0.914,0.0134989711542109,0.00836674900357885,0.086,0.013498971154211,0.00836674900357887,0.0139794350193209,0.000801175128309742,0.000496573489186741,1.07126666666667,0.0366000472238796,0.0226849442926477,NaN,NaN,NaN
FG_straight_dense,straight,dense,Confidence-driven,LinkDeg_Emerg,1,0,0,0,0,0,0.0120326630852676,0.000196739915300424,0.000121940662847518,1.23076923076923,0,0,NaN,NaN,NaN
FG_straight_dense,straight,dense,Confidence-driven,PosDeg_Emerg,0.999090909090909,0.00287479787288033,0.00178181818181817,0.000909090909090904,0.00287479787288033,0.00178181818181817,0.0130192285281905,0.000293944666464342,0.000182188791808823,2.46950909090909,0.0160710200656459,0.00996092143502309,0.997674418604651,0.00735413409341471,0.00455813953488364
FG_straight_dense,straight,dense,Confidence-driven,Recovery,1,0,0,0,0,0,0.012180547023106,9.48535822969768e-05,5.87908593997959e-05,2.53255629139073,0.105366142499869,0.065306611718829,1,0,0
FG_straight_dense,straight,dense,Confidence-driven,Full,0.917138103161398,0.00507116115392673,0.00314313824712254,0.0828618968386024,0.00507116115392677,0.00314313824712256,0.0213388135676079,0.000411476030206578,0.000255035485771338,2.07909317803661,0.0359858741886277,0.0223042759015522,0.999065420560748,0.00295539968240025,0.00183177570093451
FG_straight_dense,straight,dense,Oracle,Normal,0.7592,0.0370369185183289,0.0229557199262697,0.2408,0.0370369185183289,0.0229557199262696,0.0675855898838503,0.00213641166658605,0.00132416166968896,3.1306,0.00918830174128436,0.00569496842094455,NaN,NaN,NaN
FG_straight_dense,straight,dense,Oracle,Coop_1,0.95,0.0122726233524301,0.0076066507611739,0.05,0.0122726233524303,0.00760665076117403,0.0167149308656669,0.000902652312308331,0.000559469699453945,1.26926666666667,0.0162664541576864,0.0100820527402289,NaN,NaN,NaN
FG_straight_dense,straight,dense,Oracle,LinkDeg_Emerg,1,0,0,0,0,0,0.0120326630852676,0.000196739915300424,0.000121940662847518,1.23076923076923,0,0,NaN,NaN,NaN
FG_straight_dense,straight,dense,Oracle,PosDeg_Emerg,0.994545454545455,0.00878265257344806,0.00544354446188689,0.00545454545454543,0.00878265257344812,0.00544354446188692,0.0129130702768154,0.000233668588278395,0.000144829291492787,2.24136363636364,0.0201235851101612,0.0124727272727265,0.986046511627907,0.0224672507692859,0.0139253462978503
FG_straight_dense,straight,dense,Oracle,Recovery,0.999337748344371,0.00209422361600542,0.00129801324503303,0.000662251655629142,0.00209422361600556,0.00129801324503312,0.0123630148665929,0.000312511692715273,0.000193696753905323,2.31771523178808,0.0801292956037707,0.0496646519569152,0.9984375,0.00494105884401309,0.0030625
FG_straight_dense,straight,dense,Oracle,Full,0.936272878535774,0.00848603815523889,0.00525970094080309,0.0637271214642263,0.00848603815523886,0.00525970094080308,0.0228490572155134,0.000610706830730849,0.00037852001527555,2.09357737104826,0.017519454615556,0.0108586704700249,0.993457943925234,0.00886619904720099,0.00549532710280369
FG_straight_medium,straight,medium,Link-delay-aware,Normal,0.8712,0.0157536591869247,0.00976421912449282,0.1288,0.0157536591869247,0.00976421912449281,0.0322480899100142,0.00133564200720887,0.000827839492750299,1.88144,0,0,NaN,NaN,NaN
FG_straight_medium,straight,medium,Link-delay-aware,Coop_1,0.980666666666667,0.00491909858248439,0.00304888888888904,0.0193333333333333,0.00491909858248414,0.00304888888888888,0.0121873825395572,0.00020751831899231,0.000128621186668115,1,0,0,NaN,NaN,NaN
FG_straight_medium,straight,medium,Link-delay-aware,LinkDeg_Emerg,1,0,0,0,0,0,0.0120326630852676,0.000196739915300424,0.000121940662847518,1.23076923076923,0,0,NaN,NaN,NaN
FG_straight_medium,straight,medium,Link-delay-aware,PosDeg_Emerg,0.999090909090909,0.00287479787288033,0.00178181818181817,0.000909090909090904,0.00287479787288033,0.00178181818181817,0.0122518281534433,0.000179611776111046,0.000111324532191428,2.215,0,0,0.997674418604651,0.00735413409341471,0.00455813953488364
FG_straight_medium,straight,medium,Link-delay-aware,Recovery,0.999337748344371,0.00209422361600542,0.00129801324503303,0.000662251655629142,0.00209422361600556,0.00129801324503312,0.0120704877035764,0.000100557134718817,6.2325957815604e-05,2.18675496688742,0,0,0.9984375,0.00494105884401309,0.0030625
FG_straight_medium,straight,medium,Link-delay-aware,Full,0.968053244592346,0.00357726355997711,0.002217210925489,0.0319467554076539,0.00357726355997715,0.00221721092548903,0.0159090626146207,0.000280855039113288,0.000174075756722999,1.72883527454243,2.3405556457178e-16,1.45069141884354e-16,0.998130841121495,0.003940532909867,0.00244236760124602
FG_straight_medium,straight,medium,Confidence-driven,Normal,0.8728,0.0161987653850533,0.0100400988042947,0.1272,0.0161987653850533,0.0100400988042947,0.0327157115916686,0.00144599504582094,0.000896237014702287,1.921408,0.0260422958537325,0.0161411821979598,NaN,NaN,NaN
FG_straight_medium,straight,medium,Confidence-driven,Coop_1,0.982,0.00449965705140392,0.00278891633452645,0.018,0.00449965705140369,0.00278891633452631,0.0123964448362509,0.000282636178049847,0.000175179718073271,1.01960666666667,0.0178947664602449,0.0110912911613879,NaN,NaN,NaN
FG_straight_medium,straight,medium,Confidence-driven,LinkDeg_Emerg,1,0,0,0,0,0,0.0120326630852676,0.000196739915300424,0.000121940662847518,1.23076923076923,0,0,NaN,NaN,NaN
FG_straight_medium,straight,medium,Confidence-driven,PosDeg_Emerg,1,0,0,0,0,0,0.0122970722255088,0.000133647473153595,8.28355620635473e-05,2.45178181818181,0.0089311415427263,0.00553557887855157,1,0,0
FG_straight_medium,straight,medium,Confidence-driven,Recovery,1,0,0,0,0,0,0.0120863043756707,7.34531135294364e-05,4.55267114368539e-05,2.50721854304636,0.0833270906832416,0.0516466658814701,1,0,0
FG_straight_medium,straight,medium,Confidence-driven,Full,0.969051580698835,0.00315701596689004,0.00195673876871869,0.0309484193011647,0.00315701596689021,0.00195673876871879,0.0160653156153198,0.000300352735263821,0.000186160553999468,1.86589517470882,0.0217129114833704,0.0134578019645309,1,0,0
FG_straight_medium,straight,medium,Oracle,Normal,0.8816,0.0145082352093178,0.00899229734581523,0.1184,0.0145082352093178,0.00899229734581523,0.0331224411303317,0.0012782025367526,0.000792238140120088,1.96848,0.0213423314356963,0.0132281140713423,NaN,NaN,NaN
FG_straight_medium,straight,medium,Oracle,Coop_1,0.986666666666667,0.00544331053951803,0.00337379882602948,0.0133333333333333,0.00544331053951816,0.00337379882602956,0.0126476656877926,0.000441538630796863,0.00027366847866097,1.05326666666667,0.00953848604598173,0.00591201490166702,NaN,NaN,NaN
FG_straight_medium,straight,medium,Oracle,LinkDeg_Emerg,1,0,0,0,0,0,0.0120326630852676,0.000196739915300424,0.000121940662847518,1.23076923076923,0,0,NaN,NaN,NaN
FG_straight_medium,straight,medium,Oracle,PosDeg_Emerg,0.999090909090909,0.00287479787288033,0.00178181818181817,0.000909090909090904,0.00287479787288033,0.00178181818181817,0.0122518281534433,0.000179611776111046,0.000111324532191428,2.21881818181818,0.0120741510660981,0.00748363636363678,0.997674418604651,0.00735413409341471,0.00455813953488364
FG_straight_medium,straight,medium,Oracle,Recovery,0.999337748344371,0.00209422361600542,0.00129801324503303,0.000662251655629142,0.00209422361600556,0.00129801324503312,0.012260812160677,0.000391921452661225,0.000242915433041101,2.28804635761589,0.0651488044311532,0.0403796473325056,0.9984375,0.00494105884401309,0.0030625
FG_straight_medium,straight,medium,Oracle,Full,0.97171381031614,0.00384259746548826,0.0023816665839381,0.0282861896838602,0.00384259746548834,0.00238166658393815,0.0162704614593514,0.000338190562158854,0.000209612682080567,1.78638103161398,0.0147449012162646,0.00913898445664626,0.998130841121495,0.003940532909867,0.00244236760124602
FG_straight_sparse,straight,sparse,Link-delay-aware,Normal,0.9792,0.0126209702039459,0.00782255837661539,0.0208,0.0126209702039458,0.00782255837661539,0.0137930101739777,0.000905896071668957,0.000561480202335115,1.1112,0,0,NaN,NaN,NaN
FG_straight_sparse,straight,sparse,Link-delay-aware,Coop_1,0.998,0.00322030594359783,0.00199596630269199,0.00200000000000001,0.00322030594359767,0.00199596630269189,0.0120723361746179,0.000164126205188831,0.000101726475894903,1,0,0,NaN,NaN,NaN
FG_straight_sparse,straight,sparse,Link-delay-aware,LinkDeg_Emerg,1,0,0,0,0,0,0.0120326630852676,0.000196739915300424,0.000121940662847518,1.23076923076923,0,0,NaN,NaN,NaN
FG_straight_sparse,straight,sparse,Link-delay-aware,PosDeg_Emerg,0.999090909090909,0.00287479787288033,0.00178181818181817,0.000909090909090904,0.00287479787288033,0.00178181818181817,0.0121446499942962,0.000192511298594515,0.000119319739059586,2.215,0,0,0.997674418604651,0.00735413409341471,0.00455813953488364
FG_straight_sparse,straight,sparse,Link-delay-aware,Recovery,1,0,0,0,0,0,0.012041235638676,9.09512988906819e-05,5.63721990864789e-05,2.18675496688742,0,0,1,0,0
FG_straight_sparse,straight,sparse,Link-delay-aware,Full,0.995008319467554,0.00303784003053348,0.00188287275808936,0.00499168053244592,0.00303784003053336,0.00188287275808929,0.0124271379185477,0.00019090035912656,0.000118321268432872,1.56863560732113,2.3405556457178e-16,1.45069141884354e-16,0.999065420560748,0.00295539968240025,0.00183177570093451
FG_straight_sparse,straight,sparse,Confidence-driven,Normal,0.9816,0.0125361698917794,0.00776999859859848,0.0184,0.0125361698917794,0.00776999859859847,0.0141263628258295,0.000970073369989366,0.000601257703941759,1.131424,0.0122454773510695,0.00758982549521543,NaN,NaN,NaN
FG_straight_sparse,straight,sparse,Confidence-driven,Coop_1,0.998,0.00322030594359783,0.00199596630269199,0.00200000000000001,0.00322030594359767,0.00199596630269189,0.0121266964847084,0.000177417048773465,0.000109964226094389,1.00443333333333,0.010159286939106,0.00629679128163198,NaN,NaN,NaN
FG_straight_sparse,straight,sparse,Confidence-driven,LinkDeg_Emerg,1,0,0,0,0,0,0.0120326630852676,0.000196739915300424,0.000121940662847518,1.23076923076923,0,0,NaN,NaN,NaN
FG_straight_sparse,straight,sparse,Confidence-driven,PosDeg_Emerg,1,0,0,0,0,0,0.0121752825840498,0.000141656180873383,8.77994105353314e-05,2.44918181818181,0.00435352363541067,0.00269834190491374,1,0,0
FG_straight_sparse,straight,sparse,Confidence-driven,Recovery,1,0,0,0,0,0,0.012041235638676,9.09512988906819e-05,5.63721990864789e-05,2.50099337748344,0.0750767726396125,0.0465330657794943,1,0,0
FG_straight_sparse,straight,sparse,Confidence-driven,Full,0.99567387687188,0.00284974655100745,0.00176629121165698,0.0043261231281198,0.00284974655100724,0.00176629121165685,0.0125154189031196,0.000182463496349949,0.000113092046707517,1.69576206322795,0.0188351733660642,0.0116741614003371,1,0,0
FG_straight_sparse,straight,sparse,Oracle,Normal,0.9824,0.0129546216549239,0.00802935768843866,0.0176,0.0129546216549239,0.00802935768843865,0.0140047119933408,0.0010425197599848,0.000646160441667669,1.13108,0.0121870605333872,0.00755361837649861,NaN,NaN,NaN
FG_straight_sparse,straight,sparse,Oracle,Coop_1,0.998,0.00322030594359783,0.00199596630269199,0.00200000000000001,0.00322030594359767,0.00199596630269189,0.0120723361746179,0.000164126205188831,0.000101726475894903,1.00326666666667,0.00802280699623168,0.0049725872938611,NaN,NaN,NaN
FG_straight_sparse,straight,sparse,Oracle,LinkDeg_Emerg,1,0,0,0,0,0,0.0120326630852676,0.000196739915300424,0.000121940662847518,1.23076923076923,0,0,NaN,NaN,NaN
FG_straight_sparse,straight,sparse,Oracle,PosDeg_Emerg,0.999090909090909,0.00287479787288033,0.00178181818181817,0.000909090909090904,0.00287479787288033,0.00178181818181817,0.0121446499942962,0.000192511298594515,0.000119319739059586,2.21627272727273,0.00402471702203163,0.00249454545454493,0.997674418604651,0.00735413409341471,0.00455813953488364
FG_straight_sparse,straight,sparse,Oracle,Recovery,1,0,0,0,0,0,0.0121840147145011,0.000234176469511716,0.000145144079542504,2.26741721854305,0.0595918557801655,0.0369354148752723,1,0,0
FG_straight_sparse,straight,sparse,Oracle,Full,0.99567387687188,0.00325299574012557,0.00201622764849391,0.0043261231281198,0.00325299574012538,0.00201622764849379,0.0125077688892825,0.000241440714084191,0.000149646504975093,1.59408485856905,0.0144589192082653,0.00896173097168546,0.999065420560748,0.00295539968240025,0.00183177570093451
