Scene,SceneRole,GeometryType,DensityClass,VegetationClass,Config,Method,Stage,AvgDelayMean,AvgDelayStd,AvgDelayCI95,TimelyRateMean,TimelyRateStd,TimelyRateCI95,LossRateMean,LossRateStd,LossRateCI95,AvgTxCostMean,AvgTxCostStd,AvgTxCostCI95,EmergencyTimelyRateMean,EmergencyTimelyRateStd,EmergencyTimelyRateCI95
10014,Primary,CurvedBlind,Medium,Dense,ModerateForestGeometry,Link-delay-aware,Normal,0.0155773683577619,0.00123417920629187,0.000764952197209418,0.2928,0.0101192885125388,0.00627199999999999,0.7072,0.0101192885125388,0.006272,1.48,2.3405556457178e-16,1.45069141884354e-16,NaN,NaN,NaN
10014,Primary,CurvedBlind,Medium,Dense,ModerateForestGeometry,Link-delay-aware,Coop_1,0.0121071310377785,0.000121241412867945,7.51462062343123e-05,0.999333333333333,0.00210818510677893,0.00130666666666668,0.000666666666666671,0.00210818510677893,0.00130666666666667,2,0,0,NaN,NaN,NaN
10014,Primary,CurvedBlind,Medium,Dense,ModerateForestGeometry,Link-delay-aware,LinkDeg_Emerg,0.0121473737118627,0.000154962247490378,9.60465960680281e-05,0.998461538461539,0.00486504255410518,0.00301538461538461,0.00153846153846153,0.00486504255410518,0.0030153846153846,2,0,0,NaN,NaN,NaN
10014,Primary,CurvedBlind,Medium,Dense,ModerateForestGeometry,Link-delay-aware,PosDeg_Emerg,0.012813057281277,0.000735431686077273,0.000455825281526576,0.834545454545455,0.0071710057976965,0.00444463544125874,0.162727272727273,0.0090402629637432,0.00560321303600937,2.14545454545455,4.6811112914356e-16,2.90138283768708e-16,0.0666666666666667,0.140545673785261,0.0871111111111111
10014,Primary,CurvedBlind,Medium,Dense,ModerateForestGeometry,Link-delay-aware,Recovery,0.0122243767229633,0.000398958101996318,0.000247276793484082,0.93046357615894,0.00468282636547385,0.00290244585158915,0.0695364238410596,0.00468282636547385,0.00290244585158915,1.12384105960265,2.3405556457178e-16,1.45069141884354e-16,NaN,NaN,NaN
10014,Primary,CurvedBlind,Medium,Dense,ModerateForestGeometry,Link-delay-aware,Full,0.0125472147551587,0.000221737850791964,0.000137434543786743,0.804825291181364,0.00222544677179577,0.00137934619962735,0.194675540765391,0.00235310076933959,0.00145846696702149,1.69833610648918,0,0,0.0666666666666667,0.140545673785261,0.0871111111111111
10014,Primary,CurvedBlind,Medium,Dense,ModerateForestGeometry,Risk-constrained-v6,Normal,0.0219771414956226,0.00235664278934716,0.00146066233376689,0.3216,0.0123935467078637,0.00768159983336805,0.6784,0.0123935467078637,0.00768159983336804,2.63168,4.6811112914356e-16,2.90138283768708e-16,NaN,NaN,NaN
10014,Primary,CurvedBlind,Medium,Dense,ModerateForestGeometry,Risk-constrained-v6,Coop_1,0.0121071310377785,0.000121241412867945,7.51462062343123e-05,0.999333333333333,0.00210818510677893,0.00130666666666668,0.000666666666666671,0.00210818510677893,0.00130666666666667,2,0,0,NaN,NaN,NaN
10014,Primary,CurvedBlind,Medium,Dense,ModerateForestGeometry,Risk-constrained-v6,LinkDeg_Emerg,0.0121473737118627,0.000154962247490378,9.60465960680281e-05,0.998461538461539,0.00486504255410518,0.00301538461538461,0.00153846153846153,0.00486504255410518,0.0030153846153846,2.08615384615385,0.0708917556958567,0.0439391654041159,NaN,NaN,NaN
10014,Primary,CurvedBlind,Medium,Dense,ModerateForestGeometry,Risk-constrained-v6,PosDeg_Emerg,0.0142466971414836,0.000564385542421175,0.000349809783334017,0.850909090909091,0.0106707980979752,0.00661382918251324,0.146363636363636,0.00795995487064467,0.00493363114282407,3.26518181818182,0.0729932635859339,0.0452416934889938,0.0666666666666667,0.140545673785261,0.0871111111111111
10014,Primary,CurvedBlind,Medium,Dense,ModerateForestGeometry,Risk-constrained-v6,Recovery,0.0126013050593139,0.000482653376633611,0.000299151662144528,0.935761589403973,0.00628267084801666,0.00389403973509934,0.0642384105960265,0.00628267084801666,0.00389403973509934,1.43870860927152,0.0194312217173764,0.0120435959959411,NaN,NaN,NaN
10014,Primary,CurvedBlind,Medium,Dense,ModerateForestGeometry,Risk-constrained-v6,Full,0.0134801183411973,0.000362135291345527,0.000224453778988983,0.815141430948419,0.004033964846582,0.00250027731558516,0.184359400998336,0.00420935462252034,0.00260898502495842,2.23123960066556,0.0188242934495639,0.0116674179582259,0.0666666666666667,0.140545673785261,0.0871111111111111
10014,Primary,CurvedBlind,Medium,Dense,ModerateForestGeometry,Lexico-Chance-MPC,Normal,0.0244510118986049,0.00155065934187475,0.000961108617487016,0.3312,0.0114387256477478,0.00708979560902694,0.6688,0.0114387256477478,0.00708979560902693,3.59648,4.6811112914356e-16,2.90138283768708e-16,NaN,NaN,NaN
10014,Primary,CurvedBlind,Medium,Dense,ModerateForestGeometry,Lexico-Chance-MPC,Coop_1,0.0121071310377785,0.000121241412867945,7.51462062343123e-05,0.999333333333333,0.00210818510677893,0.00130666666666668,0.000666666666666671,0.00210818510677893,0.00130666666666667,2.00186666666667,0.00590291829898103,0.0036586666666667,NaN,NaN,NaN
10014,Primary,CurvedBlind,Medium,Dense,ModerateForestGeometry,Lexico-Chance-MPC,LinkDeg_Emerg,0.0123693112232817,0.000470558255708457,0.000291655028527592,0.998461538461539,0.00486504255410518,0.00301538461538461,0.00153846153846153,0.00486504255410518,0.0030153846153846,2.19553846153846,0.0761100625236703,0.0471735054847938,NaN,NaN,NaN
10014,Primary,CurvedBlind,Medium,Dense,ModerateForestGeometry,Lexico-Chance-MPC,PosDeg_Emerg,0.0155412403162792,0.00120224606699632,0.0007451598324188,0.846363636363636,0.0131739788601722,0.0081653166928304,0.153636363636364,0.0131739788601722,0.00816531669283041,3.35605454545455,0.0770171674182775,0.0477357349233483,0.0833333333333333,0.141639430933133,0.0877890288148064
10014,Primary,CurvedBlind,Medium,Dense,ModerateForestGeometry,Lexico-Chance-MPC,Recovery,0.0125873978853659,0.000584499020443962,0.000362276246169087,0.934437086092715,0.00658562202656791,0.00408181082093399,0.0655629139072848,0.00658562202656791,0.00408181082093399,1.43824503311258,0.0189096074677491,0.0117202961345319,NaN,NaN,NaN
10014,Primary,CurvedBlind,Medium,Dense,ModerateForestGeometry,Lexico-Chance-MPC,Full,0.0139788961716476,0.000314324991853918,0.000194820648355361,0.815973377703827,0.00393749070422607,0.00244048202265458,0.184026622296173,0.00393749070422607,0.00244048202265458,2.46071713810316,0.0183928097069882,0.0113999815638509,0.0833333333333333,0.141639430933133,0.0877890288148064
10014,Primary,CurvedBlind,Medium,Dense,ModerateForestGeometry,Budgeted-Lexico-MPC,Normal,0.0255454377348637,0.00210152993400194,0.00130254174784402,0.3368,0.0138307226452159,0.00857237070801044,0.6632,0.0138307226452159,0.00857237070801043,3.545616,0.0289233359071874,0.0179268693233815,NaN,NaN,NaN
10014,Primary,CurvedBlind,Medium,Dense,ModerateForestGeometry,Budgeted-Lexico-MPC,Coop_1,0.0121071310377785,0.000121241412867945,7.51462062343123e-05,0.999333333333333,0.00210818510677893,0.00130666666666668,0.000666666666666671,0.00210818510677893,0.00130666666666667,2,0,0,NaN,NaN,NaN
10014,Primary,CurvedBlind,Medium,Dense,ModerateForestGeometry,Budgeted-Lexico-MPC,LinkDeg_Emerg,0.0123550467177628,0.000418473553733478,0.000259372595787159,0.998461538461539,0.00486504255410518,0.00301538461538461,0.00153846153846153,0.00486504255410518,0.0030153846153846,2.02538461538462,0.0447786579201323,0.0277540997202586,NaN,NaN,NaN
10014,Primary,CurvedBlind,Medium,Dense,ModerateForestGeometry,Budgeted-Lexico-MPC,PosDeg_Emerg,0.0164481252744856,0.000849829870641528,0.000526730010915204,0.843636363636364,0.0119687379746252,0.00741830065264295,0.156363636363636,0.0119687379746252,0.00741830065264295,2.85641818181818,0.123515034049963,0.0765554112427426,0.0666666666666667,0.140545673785261,0.0871111111111111
10014,Primary,CurvedBlind,Medium,Dense,ModerateForestGeometry,Budgeted-Lexico-MPC,Recovery,0.0124209209238794,0.000514943512992781,0.000319165296007597,0.933112582781457,0.00658562202656791,0.00408181082093399,0.0668874172185431,0.00658562202656791,0.00408181082093399,1.25841721854305,0.0551848162634048,0.0342039034834513,NaN,NaN,NaN
10014,Primary,CurvedBlind,Medium,Dense,ModerateForestGeometry,Budgeted-Lexico-MPC,Full,0.0142108732003308,0.000300459652962566,0.000186226822275712,0.81630615640599,0.00521471293335253,0.00323211256181304,0.18369384359401,0.00521471293335253,0.00323211256181304,2.29464059900166,0.0215081912463912,0.013330915047062,0.0666666666666667,0.140545673785261,0.0871111111111111
10014,Primary,CurvedBlind,Medium,Dense,ModerateForestGeometry,DCC-CBR-window,Normal,0.0281645879655885,0.00141574127578333,0.000877485533761626,0.2896,0.0134923846833851,0.00836266666666666,0.7104,0.0134923846833851,0.00836266666666667,1.581424,0.00604113896546006,0.00374433672331962,NaN,NaN,NaN
10014,Primary,CurvedBlind,Medium,Dense,ModerateForestGeometry,DCC-CBR-window,Coop_1,0.0121121089889965,0.000126067677300462,7.81375559209271e-05,1,0,0,0,0,0,2.7,4.6811112914356e-16,2.90138283768708e-16,NaN,NaN,NaN
10014,Primary,CurvedBlind,Medium,Dense,ModerateForestGeometry,DCC-CBR-window,LinkDeg_Emerg,0.0121640163244243,0.000182821838467183,0.000113314149452835,1,0,0,0,0,0,2.7,4.6811112914356e-16,2.90138283768708e-16,NaN,NaN,NaN
10014,Primary,CurvedBlind,Medium,Dense,ModerateForestGeometry,DCC-CBR-window,PosDeg_Emerg,0.0127583367918533,0.000651633915660086,0.000403886885323587,0.835454545454545,0.00670786170338747,0.00415757575757576,0.162727272727273,0.00795995487064467,0.00493363114282407,2.64672727272727,4.6811112914356e-16,2.90138283768708e-16,0.1,0.140545673785261,0.0871111111111111
10014,Primary,CurvedBlind,Medium,Dense,ModerateForestGeometry,DCC-CBR-window,Recovery,0.0121244786616601,0.000279975631310209,0.000173530694119627,0.929801324503311,0.00341985284433328,0.00211964675313689,0.0701986754966888,0.00341985284433328,0.00211964675313689,1.4571523178808,0.00305163186770246,0.00189142102732951,NaN,NaN,NaN
10014,Primary,CurvedBlind,Medium,Dense,ModerateForestGeometry,DCC-CBR-window,Full,0.0134521971099871,0.000149232020752391,9.24949647397858e-05,0.804492512479201,0.00225292246384802,0.00139637580999355,0.195174708818636,0.00208263819806085,0.00129083252859647,2.1453377703827,0.00163652477246666,0.00101432856274356,0.1,0.140545673785261,0.0871111111111111
10014,Primary,CurvedBlind,Medium,Dense,ModerateForestGeometry,AoI-greedy,Normal,0.0201723102840061,0.00165657277260383,0.00102675444196466,0.316,0.00942809041582064,0.00584359098119946,0.684,0.00942809041582064,0.00584359098119946,2.8648,4.6811112914356e-16,2.90138283768708e-16,NaN,NaN,NaN
10014,Primary,CurvedBlind,Medium,Dense,ModerateForestGeometry,AoI-greedy,Coop_1,0.0121121089889965,0.000126067677300462,7.81375559209271e-05,1,0,0,0,0,0,3.24973333333333,0.0316355792825613,0.0196079351838189,NaN,NaN,NaN
10014,Primary,CurvedBlind,Medium,Dense,ModerateForestGeometry,AoI-greedy,LinkDeg_Emerg,0.0121640163244243,0.000182821838467183,0.000113314149452835,1,0,0,0,0,0,3.08338461538461,0.0987277384423217,0.0611920862561598,NaN,NaN,NaN
10014,Primary,CurvedBlind,Medium,Dense,ModerateForestGeometry,AoI-greedy,PosDeg_Emerg,0.0131550851942927,0.000642141740904902,0.00039800357445734,0.84,0.00878265257344815,0.00544354446188694,0.157272727272727,0.00862439361864103,0.00534545454545454,3.48790909090909,0.0213073619459233,0.0132064397570281,0.0666666666666667,0.140545673785261,0.0871111111111111
10014,Primary,CurvedBlind,Medium,Dense,ModerateForestGeometry,AoI-greedy,Recovery,0.0123372296712935,0.000419224832193443,0.0002598382430009,0.932450331125828,0.00522391150825576,0.00323781389760572,0.0675496688741722,0.00522391150825576,0.00323781389760572,1.29139072847682,2.3405556457178e-16,1.45069141884354e-16,NaN,NaN,NaN
10014,Primary,CurvedBlind,Medium,Dense,ModerateForestGeometry,AoI-greedy,Full,0.0130382573095143,0.000261280841722373,0.000161943543486495,0.811480865224626,0.00248657923144317,0.00154119777495096,0.18801996672213,0.00260145078193206,0.00161239589957934,2.70324459234609,0.0106359836630749,0.00659225097220488,0.0666666666666667,0.140545673785261,0.0871111111111111
10006,Reference,Mixed,Medium,Mixed,ModerateForestGeometry,Link-delay-aware,Normal,0.0252081064533928,0.00612253166040892,0.00379478443830341,0.0968,0.0143356587260967,0.00888533333333333,0.9016,0.0141358488327452,0.00876148987837622,1.7828,2.3405556457178e-16,1.45069141884354e-16,0.0421052631578947,0.041516349355085,0.0257320999230769
10006,Reference,Mixed,Medium,Mixed,ModerateForestGeometry,Link-delay-aware,Coop_1,0.0121071310377785,0.000121241412867945,7.51462062343123e-05,0.999333333333333,0.00210818510677893,0.00130666666666668,0.000666666666666671,0.00210818510677893,0.00130666666666667,1.962,0,0,1,0,0
10006,Reference,Mixed,Medium,Mixed,ModerateForestGeometry,Link-delay-aware,LinkDeg_Emerg,0.0390711805057502,0.00252428603093656,0.00156456869140713,0.650769230769231,0.041057679797432,0.0254478135859461,0.298461538461538,0.0333924525048199,0.0206968564885482,3.85815384615385,4.6811112914356e-16,2.90138283768708e-16,0.227777777777778,0.106219484442222,0.0658355185343434
10006,Reference,Mixed,Medium,Mixed,ModerateForestGeometry,Link-delay-aware,PosDeg_Emerg,0.0161449248613676,0.000746728301893753,0.000462826996549641,0.934545454545455,0.0140835758043906,0.00872909071973642,0.0418181818181818,0.0114991914915214,0.00712727272727273,2.68418181818182,4.6811112914356e-16,2.90138283768708e-16,0.934545454545455,0.0140835758043906,0.00872909071973642
10006,Reference,Mixed,Medium,Mixed,ModerateForestGeometry,Link-delay-aware,Recovery,0.0160357050569982,0.000781899779719745,0.000484626504356072,0.945033112582781,0.0108370310893012,0.00671686145798447,0.023841059602649,0.00777342907799513,0.00481802125878447,2.68927152317881,0,0,0.945033112582781,0.0108370310893012,0.00671686145798447
10006,Reference,Mixed,Medium,Mixed,ModerateForestGeometry,Link-delay-aware,Full,0.0173351254682508,0.000557507228886514,0.00034554656043688,0.748419301164726,0.00682894907226683,0.00423262648635677,0.233610648918469,0.00613613607806514,0.00380321654372605,2.44470881863561,4.6811112914356e-16,2.90138283768708e-16,0.843421052631579,0.00983180340853503,0.00609381488648362
10006,Reference,Mixed,Medium,Mixed,ModerateForestGeometry,Risk-constrained-v6,Normal,0.0385434743005692,0.00343481035155199,0.00212891751215908,0.1208,0.0109625625552504,0.00679466666666667,0.8776,0.0100133244562766,0.00620632279749182,3.04776,4.6811112914356e-16,2.90138283768708e-16,0.0421052631578947,0.041516349355085,0.0257320999230769
10006,Reference,Mixed,Medium,Mixed,ModerateForestGeometry,Risk-constrained-v6,Coop_1,0.0121071310377785,0.000121241412867945,7.51462062343123e-05,0.999333333333333,0.00210818510677893,0.00130666666666668,0.000666666666666671,0.00210818510677893,0.00130666666666667,1.986,4.6811112914356e-16,2.90138283768708e-16,1,0,0
10006,Reference,Mixed,Medium,Mixed,ModerateForestGeometry,Risk-constrained-v6,LinkDeg_Emerg,0.0505601626644381,0.00306969279676253,0.00190261530713726,0.604615384615385,0.0290548009727493,0.0180083522152057,0.196923076923077,0.0346296266997623,0.0214636649989553,4.56030769230769,0.0104040653562383,0.00644850651638896,0.0611111111111111,0.0552460514450974,0.0342418574422795
10006,Reference,Mixed,Medium,Mixed,ModerateForestGeometry,Risk-constrained-v6,PosDeg_Emerg,0.0183745146025523,0.0010685041013849,0.000662265703323121,0.924545454545454,0.0121590319077205,0.0075362460543276,0.0218181818181818,0.00977243363430126,0.00605701711917688,3.38481818181818,4.6811112914356e-16,2.90138283768708e-16,0.924545454545454,0.0121590319077205,0.0075362460543276
10006,Reference,Mixed,Medium,Mixed,ModerateForestGeometry,Risk-constrained-v6,Recovery,0.0167187138373509,0.000747148153811478,0.00046308722346428,0.944370860927152,0.012947353906062,0.00802485309102499,0.0165562913907285,0.00643592924375862,0.0039890302729126,3.31271523178808,0,0,0.944370860927152,0.012947353906062,0.00802485309102499
10006,Reference,Mixed,Medium,Mixed,ModerateForestGeometry,Risk-constrained-v6,Full,0.020088574271488,0.000702417755540861,0.000435363035384686,0.746422628951747,0.00633348970543325,0.003925537589254,0.212146422628952,0.00378208033748914,0.00234415767939998,3.07460898502495,0.00112523169410225,0.000697425829559504,0.829605263157895,0.00874447457779687,0.00541988149502636
10006,Reference,Mixed,Medium,Mixed,ModerateForestGeometry,Lexico-Chance-MPC,Normal,0.0407846323665031,0.00278079945330908,0.00172355735776712,0.1264,0.0105324894176701,0.0065281045743258,0.8736,0.0105324894176701,0.0065281045743258,3.92136,0,0,0.0368421052631579,0.0355236083005554,0.022017760535734
10006,Reference,Mixed,Medium,Mixed,ModerateForestGeometry,Lexico-Chance-MPC,Coop_1,0.0125151168601794,0.000132439622043261,8.20869281892757e-05,0.999333333333333,0.00210818510677893,0.00130666666666668,0.000666666666666671,0.00210818510677893,0.00130666666666667,2.05086666666667,0.00590291829898089,0.00365866666666661,1,0,0
10006,Reference,Mixed,Medium,Mixed,ModerateForestGeometry,Lexico-Chance-MPC,LinkDeg_Emerg,0.0371808604681901,0.00336435002574602,0.00208524574977109,0.641538461538462,0.0429362783362759,0.026612181023541,0.330769230769231,0.0398880748361642,0.0247228849204592,3.78575384615385,0.145713600552352,0.0903142253066425,0.194444444444444,0.108771667819173,0.0674173781799503
10006,Reference,Mixed,Medium,Mixed,ModerateForestGeometry,Lexico-Chance-MPC,PosDeg_Emerg,0.0283402344243455,0.000915984514258127,0.000567733083833737,0.932727272727273,0.0114991914915214,0.00712727272727273,0.0309090909090909,0.00977243363430127,0.00605701711917688,5.01286363636364,0.0243087067352523,0.0150666925302687,0.932727272727273,0.0114991914915214,0.00712727272727273
10006,Reference,Mixed,Medium,Mixed,ModerateForestGeometry,Lexico-Chance-MPC,Recovery,0.0276894557339997,0.000736281671672883,0.000456352108056827,0.944370860927152,0.012947353906062,0.00802485309102499,0.0165562913907285,0.00643592924375862,0.0039890302729126,5.02748344370861,9.3622225828712e-16,5.80276567537415e-16,0.944370860927152,0.012947353906062,0.00802485309102499
10006,Reference,Mixed,Medium,Mixed,ModerateForestGeometry,Lexico-Chance-MPC,Full,0.0242944891419507,0.000395508023096856,0.000245138412427883,0.753078202995008,0.00785150898244542,0.00486641568494451,0.227454242928453,0.00407946212943611,0.00252847682365407,3.91753577371049,0.0188811952186693,0.0117026860401061,0.840131578947368,0.0107657348321347,0.00667267157997142
10006,Reference,Mixed,Medium,Mixed,ModerateForestGeometry,Budgeted-Lexico-MPC,Normal,0.0399083005022147,0.00420593004271298,0.00260686244840325,0.1248,0.0114387256477479,0.00708979560902695,0.8752,0.0114387256477479,0.00708979560902695,3.819632,0.0433426976548528,0.0268640823269732,0.0368421052631579,0.0355236083005554,0.022017760535734
10006,Reference,Mixed,Medium,Mixed,ModerateForestGeometry,Budgeted-Lexico-MPC,Coop_1,0.0121071310377785,0.000121241412867945,7.51462062343123e-05,0.999333333333333,0.00210818510677893,0.00130666666666668,0.000666666666666671,0.00210818510677893,0.00130666666666667,1.962,0,0,1,0,0
10006,Reference,Mixed,Medium,Mixed,ModerateForestGeometry,Budgeted-Lexico-MPC,LinkDeg_Emerg,0.0359525038213503,0.00382456024556964,0.00237048699920846,0.641538461538462,0.0416932853829289,0.0258417660093103,0.341538461538462,0.0408972349484654,0.0253483688382772,3.71507692307692,0.00291902553246288,0.00180923076923062,0.194444444444444,0.0988618356669566,0.0612752005770794
10006,Reference,Mixed,Medium,Mixed,ModerateForestGeometry,Budgeted-Lexico-MPC,PosDeg_Emerg,0.0157467864813876,0.000942272261270306,0.000584026398235841,0.932727272727273,0.014342011595393,0.00888927088251748,0.0472727272727273,0.0159199097412893,0.00986726228564814,2.66926363636364,0.00992371731203859,0.00615078371409042,0.932727272727273,0.014342011595393,0.00888927088251748
10006,Reference,Mixed,Medium,Mixed,ModerateForestGeometry,Budgeted-Lexico-MPC,Recovery,0.0167187138373509,0.000747148153811478,0.00046308722346428,0.944370860927152,0.012947353906062,0.00802485309102499,0.0165562913907285,0.00643592924375862,0.0039890302729126,2.76437086092715,0,0,0.944370860927152,0.012947353906062,0.00802485309102499
10006,Reference,Mixed,Medium,Mixed,ModerateForestGeometry,Budgeted-Lexico-MPC,Full,0.0175952174633033,0.000454487845778058,0.000281694485258313,0.752745424292845,0.00666481148565714,0.00413089295618413,0.231946755407654,0.00431045129844158,0.0026716453938759,2.86900665557405,0.0097189741957335,0.00602388261586851,0.840131578947368,0.00995333834904405,0.00616914302303472
10006,Reference,Mixed,Medium,Mixed,ModerateForestGeometry,DCC-CBR-window,Normal,0.0233983324167695,0.00630195348664943,0.00390599123834534,0.0936,0.0160222068115198,0.00993066666666667,0.904,0.0172819751957543,0.0107114792006831,1.67608,2.3405556457178e-16,1.45069141884354e-16,0.0526315789473684,0.0496215285043191,0.0307557420063129
10006,Reference,Mixed,Medium,Mixed,ModerateForestGeometry,DCC-CBR-window,Coop_1,0.0136192757166017,0.000151366441744877,9.38178925768848e-05,1,0,0,0,0,0,2.6838,0,0,1,0,0
10006,Reference,Mixed,Medium,Mixed,ModerateForestGeometry,DCC-CBR-window,LinkDeg_Emerg,0.0281191372981803,0.00189405583856403,0.00117394797121889,0.529230769230769,0.0398550958517445,0.0247024443341448,0.395384615384615,0.0308119361759996,0.0190974358974359,2.65569230769231,4.6811112914356e-16,2.90138283768708e-16,0.222222222222222,0.130945700219731,0.0811609858499924
10006,Reference,Mixed,Medium,Mixed,ModerateForestGeometry,DCC-CBR-window,PosDeg_Emerg,0.0275105601180966,0.000692296048595907,0.000429089536424745,0.93,0.0142456476042947,0.00882954386204372,0.0427272727272727,0.0142456476042948,0.00882954386204373,3.24,4.6811112914356e-16,2.90138283768708e-16,0.93,0.0142456476042947,0.00882954386204372
10006,Reference,Mixed,Medium,Mixed,ModerateForestGeometry,DCC-CBR-window,Recovery,0.0266142938602443,0.000377904816339689,0.000234227831842682,0.944370860927152,0.012947353906062,0.00802485309102499,0.0317880794701987,0.0102595585329998,0.00635894025941064,3.24,4.6811112914356e-16,2.90138283768708e-16,0.944370860927152,0.012947353906062,0.00802485309102499
10006,Reference,Mixed,Medium,Mixed,ModerateForestGeometry,DCC-CBR-window,Full,0.02259696861086,0.000262202536600982,0.000162514815890822,0.733777038269551,0.00674737940132913,0.00418206908051867,0.246589018302829,0.00564526262895151,0.00349897002787409,2.71271214642263,0,0,0.841776315789474,0.0131989491103545,0.00818079341423719
10006,Reference,Mixed,Medium,Mixed,ModerateForestGeometry,AoI-greedy,Normal,0.0316037065824468,0.00666015034108031,0.00412800394884437,0.1104,0.0140095205723346,0.00868319081137036,0.888,0.0155492050529208,0.00963749713935684,3.2972,4.6811112914356e-16,2.90138283768708e-16,0.0421052631578947,0.041516349355085,0.0257320999230769
10006,Reference,Mixed,Medium,Mixed,ModerateForestGeometry,AoI-greedy,Coop_1,0.0121121089889965,0.000126067677300462,7.81375559209271e-05,1,0,0,0,0,0,3.10573333333334,0.0360002743473774,0.0223132012124143,1,0,0
10006,Reference,Mixed,Medium,Mixed,ModerateForestGeometry,AoI-greedy,LinkDeg_Emerg,0.0286189184016367,0.00233818757593934,0.00144922367398854,0.570769230769231,0.0255896922048711,0.0158606555500496,0.378461538461538,0.0300776990740824,0.0186423510268426,3.62984615384615,0.00454070638383147,0.00281435897435894,0.227777777777778,0.106219484442222,0.0658355185343434
10006,Reference,Mixed,Medium,Mixed,ModerateForestGeometry,AoI-greedy,PosDeg_Emerg,0.0154732954311852,0.000884771132170511,0.00054838682918244,0.936363636363636,0.0186800424332393,0.0115780102520155,0.0490909090909091,0.0155699788832305,0.00965037289277969,3.75,0,0,0.936363636363636,0.0186800424332393,0.0115780102520155
10006,Reference,Mixed,Medium,Mixed,ModerateForestGeometry,AoI-greedy,Recovery,0.0147404462875596,0.000844810348092089,0.000523618878606734,0.943708609271523,0.0109265948527723,0.00677237365370798,0.0390728476821192,0.0114492737129271,0.00709633336755833,3.75,0,0,0.943708609271523,0.0109265948527723,0.00677237365370798
10006,Reference,Mixed,Medium,Mixed,ModerateForestGeometry,AoI-greedy,Full,0.0158265510464988,0.000637549814579008,0.000395157469033987,0.742762063227954,0.00675649132904761,0.00418771671182985,0.244425956738769,0.00676786398703565,0.00419476555827914,3.48202995008319,0.00900520183396603,0.00558148192263218,0.843421052631579,0.0122296872750866,0.00758003870472695
10011,Boundary,Open,Low,Sparse,ModerateForestGeometry,Link-delay-aware,Normal,0.0120721550856995,0.000133365777883696,8.26609655263878e-05,1,0,0,0,0,0,1.4572,0,0,1,0,0
10011,Boundary,Open,Low,Sparse,ModerateForestGeometry,Link-delay-aware,Coop_1,0.0121071310377785,0.000121241412867945,7.51462062343123e-05,0.999333333333333,0.00210818510677893,0.00130666666666668,0.000666666666666671,0.00210818510677893,0.00130666666666667,1.34866666666667,0,0,1,0,0
10011,Boundary,Open,Low,Sparse,ModerateForestGeometry,Link-delay-aware,LinkDeg_Emerg,0.0121473737118627,0.000154962247490378,9.60465960680281e-05,0.998461538461539,0.00486504255410518,0.00301538461538461,0.00153846153846153,0.00486504255410518,0.0030153846153846,1.93846153846154,2.3405556457178e-16,1.45069141884354e-16,NaN,NaN,NaN
10011,Boundary,Open,Low,Sparse,ModerateForestGeometry,Link-delay-aware,PosDeg_Emerg,0.0121399506793445,0.000166563099856665,0.000103236878858285,0.999090909090909,0.00287479787288033,0.00178181818181817,0.000909090909090904,0.00287479787288033,0.00178181818181817,2,0,0,NaN,NaN,NaN
10011,Boundary,Open,Low,Sparse,ModerateForestGeometry,Link-delay-aware,Recovery,0.0130022467631191,0.00054444760542753,0.000337452121956027,0.811920529801325,0.0104478230165115,0.00647562779521142,0.188079470198675,0.0104478230165115,0.00647562779521142,2.14668874172185,4.6811112914356e-16,2.90138283768708e-16,0.2,0.421637021355784,0.261333333333333
10011,Boundary,Open,Low,Sparse,ModerateForestGeometry,Link-delay-aware,Full,0.012303193273032,0.000106083387869316,6.57511650045265e-05,0.952246256239601,0.00294006839283385,0.00182227326921302,0.0477537437603993,0.00294006839283385,0.00182227326921302,1.75474209650582,4.6811112914356e-16,2.90138283768708e-16,0.96,0.0210818510677892,0.0130666666666667
10011,Boundary,Open,Low,Sparse,ModerateForestGeometry,Risk-constrained-v6,Normal,0.0120721550856995,0.000133365777883696,8.26609655263878e-05,1,0,0,0,0,0,1.5196,2.3405556457178e-16,1.45069141884354e-16,1,0,0
10011,Boundary,Open,Low,Sparse,ModerateForestGeometry,Risk-constrained-v6,Coop_1,0.0121071310377785,0.000121241412867945,7.51462062343123e-05,0.999333333333333,0.00210818510677893,0.00130666666666668,0.000666666666666671,0.00210818510677893,0.00130666666666667,1.3736,0.00295145914949058,0.00182933333333339,1,0,0
10011,Boundary,Open,Low,Sparse,ModerateForestGeometry,Risk-constrained-v6,LinkDeg_Emerg,0.0121473737118627,0.000154962247490378,9.60465960680281e-05,0.998461538461539,0.00486504255410518,0.00301538461538461,0.00153846153846153,0.00486504255410518,0.0030153846153846,2.02784615384615,0.0712634175977089,0.0441695238374711,NaN,NaN,NaN
10011,Boundary,Open,Low,Sparse,ModerateForestGeometry,Risk-constrained-v6,PosDeg_Emerg,0.0121479862110793,0.000167666670820219,0.000103920879227959,1,0,0,0,0,0,2.682,0.0999162183466992,0.0619287137325895,NaN,NaN,NaN
10011,Boundary,Open,Low,Sparse,ModerateForestGeometry,Risk-constrained-v6,Recovery,0.0163078352247234,0.000896216978929378,0.000555481038501866,0.841059602649007,0.00883002207505519,0.00547290438316117,0.158940397350993,0.00883002207505519,0.00547290438316117,2.67386754966887,0.121333705721801,0.0752034099377813,0.2,0.421637021355784,0.261333333333333
10011,Boundary,Open,Low,Sparse,ModerateForestGeometry,Risk-constrained-v6,Full,0.0130377709096769,0.000238476151740231,0.000147809050197687,0.95973377703827,0.00219061759934903,0.00135775885489305,0.0402662229617304,0.00219061759934903,0.00135775885489305,2.04088851913477,0.039706367534851,0.0246102615682913,0.96,0.0210818510677892,0.0130666666666667
10011,Boundary,Open,Low,Sparse,ModerateForestGeometry,Lexico-Chance-MPC,Normal,0.0132146872651198,0.000135295550431354,8.38570509432537e-05,1,0,0,0,0,0,1.70104,2.3405556457178e-16,1.45069141884354e-16,1,0,0
10011,Boundary,Open,Low,Sparse,ModerateForestGeometry,Lexico-Chance-MPC,Coop_1,0.0125065904742919,0.000121846373471033,7.55211647007965e-05,0.999333333333333,0.00210818510677893,0.00130666666666668,0.000666666666666671,0.00210818510677893,0.00130666666666667,1.4366,0.00295145914949058,0.00182933333333339,1,0,0
10011,Boundary,Open,Low,Sparse,ModerateForestGeometry,Lexico-Chance-MPC,LinkDeg_Emerg,0.0123693112232817,0.000470558255708457,0.000291655028527592,0.998461538461539,0.00486504255410518,0.00301538461538461,0.00153846153846153,0.00486504255410518,0.0030153846153846,2.13184615384615,0.0760810322708651,0.0471555123476904,NaN,NaN,NaN
10011,Boundary,Open,Low,Sparse,ModerateForestGeometry,Lexico-Chance-MPC,PosDeg_Emerg,0.0138226764428692,0.00114253234966124,0.000708148886969275,1,0,0,0,0,0,2.84636363636364,0.0992108439228421,0.0614915181351964,NaN,NaN,NaN
10011,Boundary,Open,Low,Sparse,ModerateForestGeometry,Lexico-Chance-MPC,Recovery,0.0173775655057551,0.00113274553377829,0.00070208295564003,0.852980132450331,0.0149067929502288,0.00923932599292776,0.147019867549669,0.0149067929502288,0.00923932599292776,3.07960264900662,0.0442460877310119,0.0274240092971993,0.2,0.421637021355784,0.261333333333333
10011,Boundary,Open,Low,Sparse,ModerateForestGeometry,Lexico-Chance-MPC,Full,0.0139812040788475,0.000226922984844465,0.000140648323168267,0.962728785357737,0.00352529086679328,0.00218499791651658,0.0372712146422629,0.00352529086679328,0.00218499791651658,2.23762063227953,0.0259767357115742,0.0161005476008626,0.96,0.0210818510677892,0.0130666666666667
10011,Boundary,Open,Low,Sparse,ModerateForestGeometry,Budgeted-Lexico-MPC,Normal,0.0120721550856995,0.000133365777883696,8.26609655263878e-05,1,0,0,0,0,0,1.4572,0,0,1,0,0
10011,Boundary,Open,Low,Sparse,ModerateForestGeometry,Budgeted-Lexico-MPC,Coop_1,0.0121071310377785,0.000121241412867945,7.51462062343123e-05,0.999333333333333,0.00210818510677893,0.00130666666666668,0.000666666666666671,0.00210818510677893,0.00130666666666667,1.34866666666667,0,0,1,0,0
10011,Boundary,Open,Low,Sparse,ModerateForestGeometry,Budgeted-Lexico-MPC,LinkDeg_Emerg,0.0123550467177628,0.000418473553733478,0.000259372595787159,0.998461538461539,0.00486504255410518,0.00301538461538461,0.00153846153846153,0.00486504255410518,0.0030153846153846,1.96384615384615,0.0447786579201322,0.0277540997202586,NaN,NaN,NaN
10011,Boundary,Open,Low,Sparse,ModerateForestGeometry,Budgeted-Lexico-MPC,PosDeg_Emerg,0.0148760869053289,0.00055498968873275,0.000343986172883462,0.999090909090909,0.00287479787288033,0.00178181818181817,0.000909090909090904,0.00287479787288033,0.00178181818181817,2.45063636363636,0.090851547444689,0.0563103724997093,NaN,NaN,NaN
10011,Boundary,Open,Low,Sparse,ModerateForestGeometry,Budgeted-Lexico-MPC,Recovery,0.0170113005027118,0.00128750924607462,0.000798006498319915,0.852980132450331,0.0161615940112345,0.0100170597481099,0.147019867549669,0.0161615940112345,0.0100170597481099,2.89251655629139,0.064741346107594,0.0401271020471136,0.2,0.421637021355784,0.261333333333333
10011,Boundary,Open,Low,Sparse,ModerateForestGeometry,Budgeted-Lexico-MPC,Full,0.0137484357322578,0.000272012239239075,0.000168594932577868,0.962562396006656,0.00409451554637642,0.00253780702813759,0.0374376039933444,0.00409451554637642,0.00253780702813759,2.0273544093178,0.0238348033109974,0.0147729641447954,0.96,0.0210818510677892,0.0130666666666667
10011,Boundary,Open,Low,Sparse,ModerateForestGeometry,DCC-CBR-window,Normal,0.0133049401458182,0.00014552299194547,9.01960848681247e-05,1,0,0,0,0,0,1.95288,4.6811112914356e-16,2.90138283768708e-16,1,0,0
10011,Boundary,Open,Low,Sparse,ModerateForestGeometry,DCC-CBR-window,Coop_1,0.0125852150598608,0.000123833197802526,7.67526111796357e-05,1,0,0,0,0,0,1.81516666666667,0.00172168450386947,0.00106711111111112,1,0,0
10011,Boundary,Open,Low,Sparse,ModerateForestGeometry,DCC-CBR-window,LinkDeg_Emerg,0.0121640163244243,0.000182821838467183,0.000113314149452835,1,0,0,0,0,0,2.62069230769231,0.00443300632033877,0.00274760578342173,NaN,NaN,NaN
10011,Boundary,Open,Low,Sparse,ModerateForestGeometry,DCC-CBR-window,PosDeg_Emerg,0.0121479862110793,0.000167666670820219,0.000103920879227959,1,0,0,0,0,0,2.7,4.6811112914356e-16,2.90138283768708e-16,NaN,NaN,NaN
10011,Boundary,Open,Low,Sparse,ModerateForestGeometry,DCC-CBR-window,Recovery,0.0125031143578024,0.000468347537380808,0.000290284811112224,0.803311258278146,0.00989691468938629,0.00613417127646035,0.195364238410596,0.00999490633348503,0.00619490712671561,2.56450331125828,4.6811112914356e-16,2.90138283768708e-16,0.1,0.316227766016838,0.196
10011,Boundary,Open,Low,Sparse,ModerateForestGeometry,DCC-CBR-window,Full,0.0125940637123371,9.15716509218915e-05,5.67566972589468e-05,0.950582362728785,0.00248657923144314,0.00154119777495093,0.0490848585690515,0.00251119942821337,0.00155645753100508,2.28114808652246,0.000459373915493002,0.000284722902643009,0.955,0.0158113883008419,0.00980000000000001
10011,Boundary,Open,Low,Sparse,ModerateForestGeometry,AoI-greedy,Normal,0.0120721550856995,0.000133365777883696,8.26609655263878e-05,1,0,0,0,0,0,2.43544,0.0302000441500781,0.0187181812905706,1,0,0
10011,Boundary,Open,Low,Sparse,ModerateForestGeometry,AoI-greedy,Coop_1,0.0121071310377785,0.000121241412867945,7.51462062343123e-05,0.999333333333333,0.00210818510677893,0.00130666666666668,0.000666666666666671,0.00210818510677893,0.00130666666666667,1.83106666666667,0.0406796579127853,0.025213513194415,1,0,0
10011,Boundary,Open,Low,Sparse,ModerateForestGeometry,AoI-greedy,LinkDeg_Emerg,0.0121640163244243,0.000182821838467183,0.000113314149452835,1,0,0,0,0,0,3.25230769230769,0,0,NaN,NaN,NaN
10011,Boundary,Open,Low,Sparse,ModerateForestGeometry,AoI-greedy,PosDeg_Emerg,0.0121479862110793,0.000167666670820219,0.000103920879227959,1,0,0,0,0,0,3.4,0,0,NaN,NaN,NaN
10011,Boundary,Open,Low,Sparse,ModerateForestGeometry,AoI-greedy,Recovery,0.0144756958123733,0.000770634972357276,0.000477644504417059,0.829801324503311,0.011277739315183,0.00699001524634678,0.170198675496689,0.011277739315183,0.00699001524634677,3.52503311258278,0.0282785678927215,0.0175272379677068,0.2,0.421637021355784,0.261333333333333
10011,Boundary,Open,Low,Sparse,ModerateForestGeometry,AoI-greedy,Full,0.012631114871652,0.000183831088257231,0.000113939688953496,0.957071547420965,0.00280623641501353,0.00173932334997227,0.0429284525790349,0.00280623641501353,0.00173932334997227,2.82324459234609,0.0159357899558886,0.00987710494462984,0.96,0.0210818510677892,0.0130666666666667
10019,DenseBlind,ShortRangeOccluded,High,Dense,ModerateForestGeometry,Link-delay-aware,Normal,0.0120721550856995,0.000133365777883696,8.26609655263878e-05,1,0,0,0,0,0,2.308,4.6811112914356e-16,2.90138283768708e-16,1,0,0
10019,DenseBlind,ShortRangeOccluded,High,Dense,ModerateForestGeometry,Link-delay-aware,Coop_1,0.0145578972667473,0.000379124957957333,0.000234984083452307,0.977333333333333,0.00716645133182093,0.00444181255406304,0.0226666666666667,0.00716645133182093,0.00444181255406304,2.55,4.6811112914356e-16,2.90138283768708e-16,0.977333333333333,0.00716645133182093,0.00444181255406304
10019,DenseBlind,ShortRangeOccluded,High,Dense,ModerateForestGeometry,Link-delay-aware,LinkDeg_Emerg,0.0174389077438703,0.000641454293516411,0.000397577490151583,0.956923076923077,0.0202547873416733,0.0125540472583188,0.0415384615384615,0.0218174844986489,0.0135226169909049,2.55,4.6811112914356e-16,2.90138283768708e-16,0.956923076923077,0.0202547873416733,0.0125540472583188
10019,DenseBlind,ShortRangeOccluded,High,Dense,ModerateForestGeometry,Link-delay-aware,PosDeg_Emerg,0.0130424386111182,0.000266095070766378,0.000164927433562027,0.997272727272727,0.00613589597918684,0.00380306772889951,0.00272727272727272,0.00613589597918684,0.00380306772889951,2.55,4.6811112914356e-16,2.90138283768708e-16,0.997272727272727,0.00613589597918684,0.00380306772889951
10019,DenseBlind,ShortRangeOccluded,High,Dense,ModerateForestGeometry,Link-delay-aware,Recovery,0.0323649829665065,0.000602957769319817,0.000373717097253223,0.866225165562914,0.0318064700297181,0.0197138543662634,0.0768211920529801,0.0250140670626319,0.0155038793905744,3.00198675496689,4.6811112914356e-16,2.90138283768708e-16,0.866225165562914,0.0318064700297181,0.0197138543662634
10019,DenseBlind,ShortRangeOccluded,High,Dense,ModerateForestGeometry,Link-delay-aware,Full,0.0183061077259622,0.000246167020548726,0.000152575900071283,0.955574043261231,0.00877124251932197,0.00543647243707109,0.0299500831946755,0.00656248450704338,0.00406747003775758,2.61322795341099,0,0,0.951098901098901,0.00965479258994966,0.00598410244446838
10019,DenseBlind,ShortRangeOccluded,High,Dense,ModerateForestGeometry,Risk-constrained-v6,Normal,0.0120721550856995,0.000133365777883696,8.26609655263878e-05,1,0,0,0,0,0,2.644,4.6811112914356e-16,2.90138283768708e-16,1,0,0
10019,DenseBlind,ShortRangeOccluded,High,Dense,ModerateForestGeometry,Risk-constrained-v6,Coop_1,0.0158416797160719,0.00028048798435024,0.000173848253823859,0.991333333333333,0.00632455532033675,0.00391999999999999,0.00333333333333335,0.00351364184463156,0.00217777777777779,3.25458,0.0214570268210673,0.0132992030076994,0.991333333333333,0.00632455532033675,0.00391999999999999
10019,DenseBlind,ShortRangeOccluded,High,Dense,ModerateForestGeometry,Risk-constrained-v6,LinkDeg_Emerg,0.0186533147415866,0.000489461444285047,0.000303371346192165,0.976923076923077,0.0181309431073474,0.0112376749638451,0.0153846153846154,0.0125614858604266,0.00778568959852978,3.15,0,0,0.976923076923077,0.0181309431073474,0.0112376749638451
10019,DenseBlind,ShortRangeOccluded,High,Dense,ModerateForestGeometry,Risk-constrained-v6,PosDeg_Emerg,0.0129392843599201,0.000316117819505283,0.000195931854446129,1,0,0,0,0,0,3.15,4.6811112914356e-16,2.90138283768708e-16,1,0,0
10019,DenseBlind,ShortRangeOccluded,High,Dense,ModerateForestGeometry,Risk-constrained-v6,Recovery,0.0337679108584187,0.000487589965287475,0.000302211391491968,0.899337748344371,0.0222509548227005,0.0137912846812354,0.0324503311258278,0.0137681820128147,0.00853360762245021,3.55428476821192,0.033920662975449,0.0210242447300911,0.899337748344371,0.0222509548227005,0.0137912846812354
10019,DenseBlind,ShortRangeOccluded,High,Dense,ModerateForestGeometry,Risk-constrained-v6,Full,0.0192192447913998,0.000165856346930374,0.000102798828856231,0.970049916805324,0.00697160570714172,0.00432104598470654,0.010648918469218,0.00369569190215367,0.00229061357244496,3.17243594009983,0.0103983307335928,0.00644495216044901,0.967032967032967,0.00767387368130433,0.00475631618463118
10019,DenseBlind,ShortRangeOccluded,High,Dense,ModerateForestGeometry,Lexico-Chance-MPC,Normal,0.0188464721687293,0.00023110965866682,0.00014324325048764,1,0,0,0,0,0,3.7024,4.6811112914356e-16,2.90138283768708e-16,1,0,0
10019,DenseBlind,ShortRangeOccluded,High,Dense,ModerateForestGeometry,Lexico-Chance-MPC,Coop_1,0.0270550809036054,0.000280678705168296,0.000173966463811583,0.992666666666667,0.00583730023847275,0.00361799617140432,0.000666666666666671,0.00210818510677893,0.00130666666666667,5.0274,0,0,0.992666666666667,0.00583730023847275,0.00361799617140432
10019,DenseBlind,ShortRangeOccluded,High,Dense,ModerateForestGeometry,Lexico-Chance-MPC,LinkDeg_Emerg,0.030052266064105,0.000386497014797268,0.000239553331620573,0.989230769230769,0.0126657323438241,0.0078503022383472,0.0046153846153846,0.0074314752544561,0.00460607608313508,5.04,9.3622225828712e-16,5.80276567537415e-16,0.989230769230769,0.0126657323438241,0.0078503022383472
10019,DenseBlind,ShortRangeOccluded,High,Dense,ModerateForestGeometry,Lexico-Chance-MPC,PosDeg_Emerg,0.0244211595090971,0.000327341882104141,0.000202888600519018,1,0,0,0,0,0,4.88492727272727,0.0252940394115303,0.0156774080502342,1,0,0
10019,DenseBlind,ShortRangeOccluded,High,Dense,ModerateForestGeometry,Lexico-Chance-MPC,Recovery,0.041510036846693,0.000516120463879082,0.00031989477772459,0.916556291390729,0.0212196288577447,0.0131520622256064,0.00993377483443708,0.00780471060912303,0.00483740975264855,4.93847682119205,9.3622225828712e-16,5.80276567537415e-16,0.916556291390729,0.0212196288577447,0.0131520622256064
10019,DenseBlind,ShortRangeOccluded,High,Dense,ModerateForestGeometry,Lexico-Chance-MPC,Full,0.0287894449048907,0.000194276049154308,0.000120413542788703,0.97603993344426,0.00623559370939775,0.00386486102228254,0.00316139767054908,0.00199204492468863,0.00123468223602535,4.70476206322795,0.00462952468430716,0.00286940912733099,0.973626373626374,0.00686372128085724,0.00425417852452712
10019,DenseBlind,ShortRangeOccluded,High,Dense,ModerateForestGeometry,Budgeted-Lexico-MPC,Normal,0.0120721550856995,0.000133365777883696,8.26609655263878e-05,1,0,0,0,0,0,2.308,4.6811112914356e-16,2.90138283768708e-16,1,0,0
10019,DenseBlind,ShortRangeOccluded,High,Dense,ModerateForestGeometry,Budgeted-Lexico-MPC,Coop_1,0.0152358926112587,0.000246356393567564,0.000152693274684398,0.989333333333333,0.00644061188719527,0.00399193260538373,0.0086666666666667,0.00449965705140367,0.0027889163345263,2.606,4.6811112914356e-16,2.90138283768708e-16,0.989333333333333,0.00644061188719527,0.00399193260538373
10019,DenseBlind,ShortRangeOccluded,High,Dense,ModerateForestGeometry,Budgeted-Lexico-MPC,LinkDeg_Emerg,0.0178900340232727,0.000810004694214119,0.000502046110832386,0.964615384615385,0.0229912941245743,0.0142501517345463,0.0323076923076923,0.0222944257633684,0.0138182282494053,2.57769230769231,4.6811112914356e-16,2.90138283768708e-16,0.964615384615385,0.0229912941245743,0.0142501517345463
10019,DenseBlind,ShortRangeOccluded,High,Dense,ModerateForestGeometry,Budgeted-Lexico-MPC,PosDeg_Emerg,0.0130424386111182,0.000266095070766378,0.000164927433562027,0.997272727272727,0.00613589597918684,0.00380306772889951,0.00272727272727272,0.00613589597918684,0.00380306772889951,2.57018181818182,0.0297704718090853,0.0184519295951704,0.997272727272727,0.00613589597918684,0.00380306772889951
10019,DenseBlind,ShortRangeOccluded,High,Dense,ModerateForestGeometry,Budgeted-Lexico-MPC,Recovery,0.03312110379049,0.000393483447329678,0.00024388356736679,0.871523178807947,0.0298135859004576,0.0184786519858555,0.0629139072847682,0.022781200265508,0.0141199342116019,3.11225165562914,4.6811112914356e-16,2.90138283768708e-16,0.871523178807947,0.0298135859004576,0.0184786519858555
10019,DenseBlind,ShortRangeOccluded,High,Dense,ModerateForestGeometry,Budgeted-Lexico-MPC,Full,0.0187436755443812,0.000159211485081526,9.86803008130459e-05,0.960732113144759,0.00932044438717692,0.00577687128140862,0.021963394342762,0.00636256479188019,0.00394355851453637,2.66159733777039,0.00544883843427501,0.00337722505069664,0.956776556776557,0.0102593169902808,0.0063587905496824
10019,DenseBlind,ShortRangeOccluded,High,Dense,ModerateForestGeometry,DCC-CBR-window,Normal,0.0190797737683909,0.000237693572885256,0.000147324002798127,1,0,0,0,0,0,3.02976,0,0,1,0,0
10019,DenseBlind,ShortRangeOccluded,High,Dense,ModerateForestGeometry,DCC-CBR-window,Coop_1,0.0269785123311369,0.000360473047480028,0.000223423509567226,0.991333333333333,0.00632455532033675,0.00392,0.00400000000000001,0.00466137265853401,0.00288914870626515,3.24,4.6811112914356e-16,2.90138283768708e-16,0.991333333333333,0.00632455532033675,0.00392
10019,DenseBlind,ShortRangeOccluded,High,Dense,ModerateForestGeometry,DCC-CBR-window,LinkDeg_Emerg,0.0296822926422602,0.000664586443212965,0.000411914945074132,0.986153846153846,0.015298906554027,0.0094823605224774,0.0123076923076923,0.0158891624459791,0.00984820491457441,3.24,4.6811112914356e-16,2.90138283768708e-16,0.986153846153846,0.015298906554027,0.0094823605224774
10019,DenseBlind,ShortRangeOccluded,High,Dense,ModerateForestGeometry,DCC-CBR-window,PosDeg_Emerg,0.024533245418613,0.000334096972606408,0.000207075448989414,1,0,0,0,0,0,3.24,4.6811112914356e-16,2.90138283768708e-16,1,0,0
10019,DenseBlind,ShortRangeOccluded,High,Dense,ModerateForestGeometry,DCC-CBR-window,Recovery,0.0403122327591294,0.000775344732797936,0.000480563644181402,0.912582781456954,0.0204239002317358,0.0126588645135199,0.0370860927152318,0.012947353906062,0.00802485309102499,3.24,4.6811112914356e-16,2.90138283768708e-16,0.912582781456954,0.0204239002317358,0.0126588645135199
10019,DenseBlind,ShortRangeOccluded,High,Dense,ModerateForestGeometry,DCC-CBR-window,Full,0.0284207676848914,0.000349572436157455,0.000216667240672386,0.974376039933444,0.00582758759248527,0.00361197621105256,0.0116472545757071,0.00376169161571007,0.00233152061871732,3.19627287853578,0,0,0.971794871794872,0.00641461564667333,0.00397581996857616
10019,DenseBlind,ShortRangeOccluded,High,Dense,ModerateForestGeometry,AoI-greedy,Normal,0.0120721550856995,0.000133365777883696,8.26609655263878e-05,1,0,0,0,0,0,3.288,4.6811112914356e-16,2.90138283768708e-16,1,0,0
10019,DenseBlind,ShortRangeOccluded,High,Dense,ModerateForestGeometry,AoI-greedy,Coop_1,0.0152358926112587,0.000246356393567564,0.000152693274684398,0.989333333333333,0.00644061188719527,0.00399193260538373,0.0086666666666667,0.00449965705140367,0.0027889163345263,3.75,0,0,0.989333333333333,0.00644061188719527,0.00399193260538373
10019,DenseBlind,ShortRangeOccluded,High,Dense,ModerateForestGeometry,AoI-greedy,LinkDeg_Emerg,0.0186533147415866,0.000489461444285047,0.000303371346192165,0.976923076923077,0.0181309431073474,0.0112376749638451,0.0153846153846154,0.0125614858604266,0.00778568959852978,3.75,0,0,0.976923076923077,0.0181309431073474,0.0112376749638451
10019,DenseBlind,ShortRangeOccluded,High,Dense,ModerateForestGeometry,AoI-greedy,PosDeg_Emerg,0.0129672356103021,0.000296539012362021,0.00018379678405552,1,0,0,0,0,0,3.75,0,0,1,0,0
10019,DenseBlind,ShortRangeOccluded,High,Dense,ModerateForestGeometry,AoI-greedy,Recovery,0.0305673797832524,0.000940664679247246,0.000583030008575032,0.894701986754967,0.0230364597760611,0.0142781456953643,0.0741721854304636,0.0181499380053814,0.0112494481236203,3.75,0,0,0.894701986754967,0.0230364597760611,0.0142781456953643
10019,DenseBlind,ShortRangeOccluded,High,Dense,ModerateForestGeometry,AoI-greedy,Full,0.0181596487568383,0.000270768743557473,0.000167824205969437,0.968386023294509,0.00780435234579605,0.00483718769873793,0.0224625623960066,0.00533427178637585,0.00330621590665128,3.65391014975042,4.6811112914356e-16,2.90138283768708e-16,0.965201465201465,0.00859050505462164,0.00532445019586353
10017,LongRange,LongMixed,Medium,Mixed,ModerateForestGeometry,Link-delay-aware,Normal,0.0641287196029429,0.0100609596971309,0.00657316033545883,0.0224,0.0134923846833851,0.00836266666666667,0.9768,0.013306639946533,0.00824754088602577,1.9872,4.6811112914356e-16,2.90138283768708e-16,0.05,0.112491426285092,0.0697229083631577
10017,LongRange,LongMixed,Medium,Mixed,ModerateForestGeometry,Link-delay-aware,Coop_1,0.0186865187168284,0.00360827139001201,0.0022364297776581,0.267333333333333,0.0158542746504329,0.00982658123486658,0.727333333333333,0.0218750661374662,0.0135583064603982,2.468,4.6811112914356e-16,2.90138283768708e-16,0.0416666666666667,0.0340206908719886,0.0210862426626848
10017,LongRange,LongMixed,Medium,Mixed,ModerateForestGeometry,Link-delay-aware,LinkDeg_Emerg,0.0163001582349836,0.00142056823735798,0.000880477315541413,0.689230769230769,0.0202547873416733,0.0125540472583188,0.3,0.0181309431073474,0.0112376749638451,2.50276923076923,4.6811112914356e-16,2.90138283768708e-16,0.05,0.0805076485899413,0.0498991575672969
10017,LongRange,LongMixed,Medium,Mixed,ModerateForestGeometry,Link-delay-aware,PosDeg_Emerg,0.0121399506793445,0.000166563099856665,0.000103236878858285,0.999090909090909,0.00287479787288033,0.00178181818181817,0.000909090909090904,0.00287479787288033,0.00178181818181817,2,0,0,NaN,NaN,NaN
10017,LongRange,LongMixed,Medium,Mixed,ModerateForestGeometry,Link-delay-aware,Recovery,0.0129920076994342,0.000536260659943518,0.000332377800573441,0.81523178807947,0.00658562202656789,0.00408181082093398,0.18476821192053,0.00658562202656789,0.00408181082093398,2.1712582781457,4.6811112914356e-16,2.90138283768708e-16,NaN,NaN,NaN
10017,LongRange,LongMixed,Medium,Mixed,ModerateForestGeometry,Link-delay-aware,Full,0.0143689407859608,0.000612474872474065,0.000379615858901286,0.533610648918469,0.00437069069436396,0.00270898215828942,0.463727121464226,0.00437069069436396,0.00270898215828942,2.21154742096506,0,0,0.0444444444444444,0.0351364184463153,0.0217777777777778
10017,LongRange,LongMixed,Medium,Mixed,ModerateForestGeometry,Risk-constrained-v6,Normal,0.0734668745550521,0.00872721825780273,0.00540918591708438,0.0424,0.00927601446982725,0.00574933333333333,0.9568,0.00859974159818513,0.00533017506487566,3.016368,0.0217063456159717,0.0134537323977551,0.05,0.112491426285092,0.0697229083631577
10017,LongRange,LongMixed,Medium,Mixed,ModerateForestGeometry,Risk-constrained-v6,Coop_1,0.0254940633231343,0.00327588974715408,0.0020304175010616,0.295333333333333,0.0133518390095998,0.00827555555555555,0.699333333333333,0.0181760933748254,0.0112656593895556,3.52804,0.206454725733701,0.127961964736679,0.0416666666666667,0.0340206908719886,0.0210862426626848
10017,LongRange,LongMixed,Medium,Mixed,ModerateForestGeometry,Risk-constrained-v6,LinkDeg_Emerg,0.0188924546555231,0.00172378370078359,0.00106841220683826,0.713846153846154,0.0242710965460497,0.0150433814934911,0.275384615384615,0.0210818510677892,0.0130666666666667,3.32086153846154,0.15052432926777,0.0932959458560388,0.05,0.0805076485899413,0.0498991575672969
10017,LongRange,LongMixed,Medium,Mixed,ModerateForestGeometry,Risk-constrained-v6,PosDeg_Emerg,0.0121479862110793,0.000167666670820219,0.000103920879227959,1,0,0,0,0,0,2.68072727272727,0.100953034384882,0.0625713389708585,NaN,NaN,NaN
10017,LongRange,LongMixed,Medium,Mixed,ModerateForestGeometry,Risk-constrained-v6,Recovery,0.0137869741542032,0.00113646815420322,0.00070439025968381,0.82317880794702,0.0108370310893012,0.00671686145798446,0.17682119205298,0.0108370310893012,0.00671686145798446,2.37143046357616,0.191204286007829,0.118509644265516,NaN,NaN,NaN
10017,LongRange,LongMixed,Medium,Mixed,ModerateForestGeometry,Risk-constrained-v6,Full,0.0165494467161353,0.000954525599379696,0.00059162109587954,0.549584026622296,0.00632620005440216,0.00392101941673522,0.447753743760399,0.00614865626263586,0.00381097663452,2.95353410981697,0.0375237465017921,0.023257459036534,0.0444444444444444,0.0351364184463153,0.0217777777777778
10017,LongRange,LongMixed,Medium,Mixed,ModerateForestGeometry,Lexico-Chance-MPC,Normal,0.0805774417162856,0.00724036697974429,0.00448762594728737,0.06,0.0101543641411519,0.00629374009984877,0.94,0.0101543641411519,0.00629374009984876,5.06832,9.3622225828712e-16,5.80276567537415e-16,0.05,0.112491426285092,0.0697229083631577
10017,LongRange,LongMixed,Medium,Mixed,ModerateForestGeometry,Lexico-Chance-MPC,Coop_1,0.0262403509265399,0.00376379127253216,0.00233282199949837,0.302,0.0196387120846984,0.0121721998579844,0.696666666666667,0.0201843356939833,0.0125103808746828,4.6568,9.3622225828712e-16,5.80276567537415e-16,0.0375,0.0307443661405259,0.0190555555555556
10017,LongRange,LongMixed,Medium,Mixed,ModerateForestGeometry,Lexico-Chance-MPC,LinkDeg_Emerg,0.0172656687474072,0.00199122226492285,0.0012341723462199,0.704615384615385,0.0227035319191576,0.0140717948717949,0.293846153846154,0.0210818510677892,0.0130666666666667,3.43753846153846,0.071850527877981,0.0445334185592495,0.05,0.0805076485899413,0.0498991575672969
10017,LongRange,LongMixed,Medium,Mixed,ModerateForestGeometry,Lexico-Chance-MPC,PosDeg_Emerg,0.0138431504328266,0.00117229800462598,0.000726597831053386,1,0,0,0,0,0,2.84536363636364,0.0998165902984383,0.0618669636285265,NaN,NaN,NaN
10017,LongRange,LongMixed,Medium,Mixed,ModerateForestGeometry,Lexico-Chance-MPC,Recovery,0.0152166353602147,0.00129282846556073,0.000801303384714203,0.83841059602649,0.0117641612313238,0.00729150267347712,0.16158940397351,0.0117641612313238,0.00729150267347712,3.00920529801324,0.0442460877310118,0.0274240092971992,NaN,NaN,NaN
10017,LongRange,LongMixed,Medium,Mixed,ModerateForestGeometry,Lexico-Chance-MPC,Full,0.0180283497313061,0.000807643604341708,0.00050058269216798,0.557737104825291,0.00705058173358659,0.00436999583303318,0.441763727121464,0.00715667659487744,0.00443575410933804,3.86502495840266,0.0270732512588437,0.0167801749782175,0.0416666666666667,0.0327364250549328,0.0202902464624981
10017,LongRange,LongMixed,Medium,Mixed,ModerateForestGeometry,Budgeted-Lexico-MPC,Normal,0.07973301390571,0.00816190003396284,0.00505879805181793,0.0608,0.0107991769233688,0.00669339920286314,0.9392,0.0107991769233688,0.00669339920286312,5.020208,0.0428844475305447,0.0265800559573229,0.05,0.112491426285092,0.0697229083631577
10017,LongRange,LongMixed,Medium,Mixed,ModerateForestGeometry,Budgeted-Lexico-MPC,Coop_1,0.0232997368241485,0.00258811404835444,0.00160412970646752,0.291333333333333,0.0150882179526826,0.00935177437444987,0.707333333333333,0.0148905471713342,0.00922925675484835,3.82566666666667,0.165619397086687,0.102651965821566,0.0375,0.0307443661405259,0.0190555555555556
10017,LongRange,LongMixed,Medium,Mixed,ModerateForestGeometry,Budgeted-Lexico-MPC,LinkDeg_Emerg,0.0169497863724259,0.00157576435895777,0.000976668868284253,0.703076923076923,0.0205768232284501,0.0127536471688621,0.295384615384615,0.0189118860662418,0.0117217084245095,2.81966153846154,0.0932769003807573,0.0578136218236287,0.05,0.0805076485899413,0.0498991575672969
10017,LongRange,LongMixed,Medium,Mixed,ModerateForestGeometry,Budgeted-Lexico-MPC,PosDeg_Emerg,0.0148735568603557,0.000565207226526085,0.000350319068418597,0.999090909090909,0.00287479787288033,0.00178181818181817,0.000909090909090904,0.00287479787288033,0.00178181818181817,2.44863636363636,0.090920453835316,0.0563530811230949,NaN,NaN,NaN
10017,LongRange,LongMixed,Medium,Mixed,ModerateForestGeometry,Budgeted-Lexico-MPC,Recovery,0.0151817770066456,0.0011311201058023,0.000701075504942997,0.839735099337748,0.0131712440531358,0.00816362164186796,0.160264900662252,0.0131712440531358,0.00816362164186796,2.80247682119205,0.12227307588359,0.075785637596123,NaN,NaN,NaN
10017,LongRange,LongMixed,Medium,Mixed,ModerateForestGeometry,Budgeted-Lexico-MPC,Full,0.0178695442796966,0.000872063747944454,0.000540510710840021,0.555241264559068,0.00597613477406587,0.00370404670807605,0.444259567387687,0.00586966458361528,0.00363805580034784,3.45620299500832,0.0474403101505331,0.0294038088641761,0.0416666666666667,0.0327364250549328,0.0202902464624981
10017,LongRange,LongMixed,Medium,Mixed,ModerateForestGeometry,DCC-CBR-window,Normal,0.0616386273141973,0.00649348440507087,0.00424240981131297,0.0168,0.0109625625552504,0.00679466666666667,0.9808,0.013172361637577,0.0081643143278811,1.63312,0,0,0.0333333333333333,0.0702728368926307,0.0435555555555556
10017,LongRange,LongMixed,Medium,Mixed,ModerateForestGeometry,DCC-CBR-window,Coop_1,0.017218938219968,0.00213911895262304,0.00132583966295923,0.254666666666667,0.0132590523468234,0.00821804578614709,0.736666666666667,0.0134256066373273,0.00832127720491196,2.2864,0,0,0.0375,0.0236519255082311,0.0146596153083106
10017,LongRange,LongMixed,Medium,Mixed,ModerateForestGeometry,DCC-CBR-window,LinkDeg_Emerg,0.0141532961046999,0.00166968148187058,0.00103487930414437,0.672307692307692,0.0126657323438241,0.0078503022383472,0.315384615384615,0.0166172838420714,0.0102994992314261,2.57753846153846,4.6811112914356e-16,2.90138283768708e-16,0.0666666666666667,0.11653431646335,0.0722287176566287
10017,LongRange,LongMixed,Medium,Mixed,ModerateForestGeometry,DCC-CBR-window,PosDeg_Emerg,0.0121479862110793,0.000167666670820219,0.000103920879227959,1,0,0,0,0,0,2.7,4.6811112914356e-16,2.90138283768708e-16,NaN,NaN,NaN
10017,LongRange,LongMixed,Medium,Mixed,ModerateForestGeometry,DCC-CBR-window,Recovery,0.0122818065343801,0.000439107127437202,0.000272161417265013,0.807284768211921,0.00488652177067964,0.00302869757174394,0.192715231788079,0.00488652177067964,0.00302869757174394,2.56092715231788,4.6811112914356e-16,2.90138283768708e-16,NaN,NaN,NaN
10017,LongRange,LongMixed,Medium,Mixed,ModerateForestGeometry,DCC-CBR-window,Full,0.0134913177036257,0.000339583304498036,0.000210475912725738,0.525623960066556,0.00145689689812132,0.00090299405276314,0.470382695507488,0.002359628107175,0.00146251265292648,2.32668885191347,4.6811112914356e-16,2.90138283768708e-16,0.0416666666666667,0.0236065718221888,0.0146315048024677
10017,LongRange,LongMixed,Medium,Mixed,ModerateForestGeometry,AoI-greedy,Normal,0.0693318090004731,0.00882367945517843,0.0054689731866331,0.0408,0.0157536591869247,0.00976421912449281,0.9584,0.0163516903645396,0.0101348826885717,3.86,4.6811112914356e-16,2.90138283768708e-16,0.05,0.112491426285092,0.0697229083631577
10017,LongRange,LongMixed,Medium,Mixed,ModerateForestGeometry,AoI-greedy,Coop_1,0.0218355289590409,0.00313572241253581,0.00194354088699565,0.282666666666667,0.0157762127549323,0.00977819797076923,0.712,0.0195757471515958,0.0121331737881248,4.15253333333333,0.0212377488286459,0.0131632930999265,0.0416666666666667,0.0340206908719886,0.0210862426626848
10017,LongRange,LongMixed,Medium,Mixed,ModerateForestGeometry,AoI-greedy,LinkDeg_Emerg,0.0151872102738518,0.00186955376989305,0.00115876143171921,0.684615384615385,0.0166172838420714,0.0102994992314261,0.304615384615385,0.0202547873416733,0.0125540472583188,3.39430769230769,0.0261090617070312,0.0161825641025641,0.05,0.0805076485899413,0.0498991575672969
10017,LongRange,LongMixed,Medium,Mixed,ModerateForestGeometry,AoI-greedy,PosDeg_Emerg,0.0121479862110793,0.000167666670820219,0.000103920879227959,1,0,0,0,0,0,2.71781818181818,0.0205221106320326,0.0127197359502714,NaN,NaN,NaN
10017,LongRange,LongMixed,Medium,Mixed,ModerateForestGeometry,AoI-greedy,Recovery,0.0137711117955966,0.000921895813961529,0.000571396945348684,0.825827814569536,0.00939163240008063,0.00582099406893255,0.174172185430464,0.00939163240008063,0.00582099406893255,3.3117880794702,0.030059060454045,0.0186307986904575,NaN,NaN,NaN
10017,LongRange,LongMixed,Medium,Mixed,ModerateForestGeometry,AoI-greedy,Full,0.0153904976121918,0.000926536669428115,0.000574273377367631,0.543594009983361,0.0067039286160363,0.0041551380047796,0.453743760399335,0.00719098081347218,0.00445701608430393,3.53585690515807,0.00703671562522144,0.00436140153002873,0.0444444444444444,0.0351364184463153,0.0217777777777778
10013,HeldOutHighNLOS,ShortHighNLOS,High,Dense,ModerateForestGeometry,Link-delay-aware,Normal,0.051255243314722,0.00116069787086513,0.000719407993659392,0.5448,0.0325398900496674,0.0201684328042061,0.2944,0.0310526434730872,0.019246627825847,3.75576,4.6811112914356e-16,2.90138283768708e-16,0.597169811320755,0.0350315029978204,0.0217127505090973
10013,HeldOutHighNLOS,ShortHighNLOS,High,Dense,ModerateForestGeometry,Link-delay-aware,Coop_1,0.0125948086748882,0.000181231619148605,0.000112328521307756,0.996666666666667,0.00471404520791032,0.00292179549059973,0.00333333333333334,0.00471404520791032,0.00292179549059973,2.55,4.6811112914356e-16,2.90138283768708e-16,0.996666666666667,0.00471404520791032,0.00292179549059973
10013,HeldOutHighNLOS,ShortHighNLOS,High,Dense,ModerateForestGeometry,Link-delay-aware,LinkDeg_Emerg,0.0121936389986357,0.000252742778069717,0.000156651596808317,1,0,0,0,0,0,2.55,4.6811112914356e-16,2.90138283768708e-16,1,0,0
10013,HeldOutHighNLOS,ShortHighNLOS,High,Dense,ModerateForestGeometry,Link-delay-aware,PosDeg_Emerg,0.0129544129806136,0.000252290172215523,0.000156371068793528,0.998181818181818,0.0038330638305071,0.00237575757575756,0.00181818181818181,0.0038330638305071,0.00237575757575756,2.55,4.6811112914356e-16,2.90138283768708e-16,0.998181818181818,0.0038330638305071,0.00237575757575756
10013,HeldOutHighNLOS,ShortHighNLOS,High,Dense,ModerateForestGeometry,Link-delay-aware,Recovery,0.0438407553185623,0.00136740536732887,0.000847526627317688,0.733774834437086,0.0241416743743794,0.0149631648004192,0.176158940397351,0.016869733487455,0.0104559691427132,4.11596026490066,9.3622225828712e-16,5.80276567537415e-16,0.77280701754386,0.0177618041502777,0.011008880267867
10013,HeldOutHighNLOS,ShortHighNLOS,High,Dense,ModerateForestGeometry,Link-delay-aware,Full,0.0262160885139864,0.000456676370149148,0.000283050946716889,0.837271214642263,0.011087075706461,0.00687184071733489,0.106655574043261,0.00762290052070046,0.0047247226923702,3.19422628951748,4.6811112914356e-16,2.90138283768708e-16,0.872844036697248,0.0101259729004041,0.00627614302652196
10013,HeldOutHighNLOS,ShortHighNLOS,High,Dense,ModerateForestGeometry,Risk-constrained-v6,Normal,0.055767577164764,0.00105418099176619,0.00065338814800713,0.5328,0.0373714091548903,0.0231630393707063,0.232,0.0235513623102076,0.0145972855924198,4.307832,0.0195720780705574,0.0121308996681366,0.581132075471698,0.0408078696792662,0.025292979670578
10013,HeldOutHighNLOS,ShortHighNLOS,High,Dense,ModerateForestGeometry,Risk-constrained-v6,Coop_1,0.0126190969369069,0.000208901726587185,0.000129478631578823,0.999333333333333,0.00210818510677893,0.00130666666666667,0.000666666666666671,0.00210818510677893,0.00130666666666667,3.15,0,0,0.999333333333333,0.00210818510677893,0.00130666666666667
10013,HeldOutHighNLOS,ShortHighNLOS,High,Dense,ModerateForestGeometry,Risk-constrained-v6,LinkDeg_Emerg,0.0121936389986357,0.000252742778069717,0.000156651596808317,1,0,0,0,0,0,3.15,0,0,1,0,0
10013,HeldOutHighNLOS,ShortHighNLOS,High,Dense,ModerateForestGeometry,Risk-constrained-v6,PosDeg_Emerg,0.012886947951916,0.000222332357758309,0.000137803023022046,1,0,0,0,0,0,3.15054545454546,0.00172487872372804,0.00106909090909081,1,0,0
10013,HeldOutHighNLOS,ShortHighNLOS,High,Dense,ModerateForestGeometry,Risk-constrained-v6,Recovery,0.0464360477988631,0.0019189477218166,0.0011893761202994,0.743708609271523,0.0347708398039787,0.0215511897877334,0.13112582781457,0.0249360198612679,0.0154555052339973,4.7072582781457,0.0449001543271594,0.0278294039735102,0.77280701754386,0.022440448952456,0.0139087343596741
10013,HeldOutHighNLOS,ShortHighNLOS,High,Dense,ModerateForestGeometry,Risk-constrained-v6,Full,0.0281679276474054,0.000596933403079827,0.000369983156372854,0.838269550748752,0.0133986769110839,0.00830458598765993,0.0813643926788686,0.00667634031538731,0.00413803859888204,3.78217138103161,0.0122762475930585,0.00760889708878804,0.870825688073394,0.0104585367583115,0.00648226824117621
10013,HeldOutHighNLOS,ShortHighNLOS,High,Dense,ModerateForestGeometry,Lexico-Chance-MPC,Normal,0.0579165734869986,0.000988427044773745,0.000612633429429276,0.5648,0.0418590226567436,0.0259444910358849,0.2384,0.0281709069786544,0.017460509041835,5.02128,9.3622225828712e-16,5.80276567537415e-16,0.594339622641509,0.0444721246029275,0.0275641084018842
10013,HeldOutHighNLOS,ShortHighNLOS,High,Dense,ModerateForestGeometry,Lexico-Chance-MPC,Coop_1,0.0243933462256245,0.000223157665205969,0.000138314553877729,1,0,0,0,0,0,4.9698,0,0,1,0,0
10013,HeldOutHighNLOS,ShortHighNLOS,High,Dense,ModerateForestGeometry,Lexico-Chance-MPC,LinkDeg_Emerg,0.0242443796301676,0.000303269080767798,0.000187968123669834,1,0,0,0,0,0,5.04,9.3622225828712e-16,5.80276567537415e-16,1,0,0
10013,HeldOutHighNLOS,ShortHighNLOS,High,Dense,ModerateForestGeometry,Lexico-Chance-MPC,PosDeg_Emerg,0.0244837594293487,0.000345125796197511,0.00021391118467159,1,0,0,0,0,0,4.93641818181818,0.00275980595796526,0.00171054545454554,1,0,0
10013,HeldOutHighNLOS,ShortHighNLOS,High,Dense,ModerateForestGeometry,Lexico-Chance-MPC,Recovery,0.0524020304094346,0.00175599587084157,0.0010883775166872,0.747682119205298,0.0336888776203703,0.0208805826786285,0.127152317880795,0.0233202872339855,0.0144540637763534,5.59350993377484,9.3622225828712e-16,5.80276567537415e-16,0.77280701754386,0.022440448952456,0.0139087343596741
10013,HeldOutHighNLOS,ShortHighNLOS,High,Dense,ModerateForestGeometry,Lexico-Chance-MPC,Full,0.036867482241667,0.000638300279192475,0.000395622611820442,0.846089850249584,0.0132706446078817,0.00822523074398952,0.0815307820299501,0.00752338323142015,0.00466304123743464,5.13869550748751,0.000505122554702414,0.000313078202994994,0.873577981651376,0.0111928276587181,0.00693738645641869
10013,HeldOutHighNLOS,ShortHighNLOS,High,Dense,ModerateForestGeometry,Budgeted-Lexico-MPC,Normal,0.053199589925648,0.00118877709674592,0.000736811678168049,0.5736,0.0384684574973084,0.0238429969779155,0.2632,0.0323206160557348,0.0200325253747222,4.196416,0.0194764103468783,0.0120716041986803,0.588679245283019,0.0405648188593638,0.0251423352116776
10013,HeldOutHighNLOS,ShortHighNLOS,High,Dense,ModerateForestGeometry,Budgeted-Lexico-MPC,Coop_1,0.0125948086748882,0.000181231619148605,0.000112328521307756,0.996666666666667,0.00471404520791032,0.00292179549059973,0.00333333333333334,0.00471404520791032,0.00292179549059973,2.55,4.6811112914356e-16,2.90138283768708e-16,0.996666666666667,0.00471404520791032,0.00292179549059973
10013,HeldOutHighNLOS,ShortHighNLOS,High,Dense,ModerateForestGeometry,Budgeted-Lexico-MPC,LinkDeg_Emerg,0.0121936389986357,0.000252742778069717,0.000156651596808317,1,0,0,0,0,0,2.55369230769231,0.0116761021298525,0.0072369230769231,1,0,0
10013,HeldOutHighNLOS,ShortHighNLOS,High,Dense,ModerateForestGeometry,Budgeted-Lexico-MPC,PosDeg_Emerg,0.0129544129806136,0.000252290172215523,0.000156371068793528,0.998181818181818,0.0038330638305071,0.00237575757575756,0.00181818181818181,0.0038330638305071,0.00237575757575756,2.56581818181818,0.0272666659931163,0.0169000546725117,0.998181818181818,0.0038330638305071,0.00237575757575756
10013,HeldOutHighNLOS,ShortHighNLOS,High,Dense,ModerateForestGeometry,Budgeted-Lexico-MPC,Recovery,0.0466418463709617,0.00185129216081456,0.00114744276914739,0.747019867549669,0.03373946697491,0.0209119382854264,0.127814569536424,0.0237858079418119,0.0147425965003557,4.4872582781457,0.0208887232034908,0.0129469647762246,0.77280701754386,0.022440448952456,0.0139087343596741
10013,HeldOutHighNLOS,ShortHighNLOS,High,Dense,ModerateForestGeometry,Budgeted-Lexico-MPC,Full,0.0276321657195311,0.000597189633640845,0.00037014196971993,0.846589018302829,0.0122471805899993,0.00759088117364133,0.0880199667221298,0.00729292537929073,0.00452020198082439,3.382459234609,0.00852443678604707,0.0052835006587507,0.871192660550459,0.0103362104828269,0.00640644963012581
10013,HeldOutHighNLOS,ShortHighNLOS,High,Dense,ModerateForestGeometry,DCC-CBR-window,Normal,0.0541354750573954,0.00160629666003261,0.000995592984550341,0.5208,0.0360641403921156,0.022352785797052,0.316,0.0297545514725619,0.0184420620683624,3.05712,4.6811112914356e-16,2.90138283768708e-16,0.596226415094339,0.0496815538569346,0.0307929461053103
10013,HeldOutHighNLOS,ShortHighNLOS,High,Dense,ModerateForestGeometry,DCC-CBR-window,Coop_1,0.0244769106579397,0.000223716152142643,0.000138660707667344,1,0,0,0,0,0,3.24,4.6811112914356e-16,2.90138283768708e-16,1,0,0
10013,HeldOutHighNLOS,ShortHighNLOS,High,Dense,ModerateForestGeometry,DCC-CBR-window,LinkDeg_Emerg,0.0242443796301676,0.000303269080767798,0.000187968123669834,1,0,0,0,0,0,3.24,4.6811112914356e-16,2.90138283768708e-16,1,0,0
10013,HeldOutHighNLOS,ShortHighNLOS,High,Dense,ModerateForestGeometry,DCC-CBR-window,PosDeg_Emerg,0.0245781131509173,0.000335547901699802,0.000207974744158485,1,0,0,0,0,0,3.24,4.6811112914356e-16,2.90138283768708e-16,1,0,0
10013,HeldOutHighNLOS,ShortHighNLOS,High,Dense,ModerateForestGeometry,DCC-CBR-window,Recovery,0.0406384096027685,0.000749402565402052,0.000464484522244581,0.608609271523179,0.0205784038612299,0.0127546268552088,0.302649006622517,0.0168263479030106,0.0104290784788786,2.93615894039735,4.6811112914356e-16,2.90138283768708e-16,0.770175438596491,0.023318598874125,0.0144530173200703
10013,HeldOutHighNLOS,ShortHighNLOS,High,Dense,ModerateForestGeometry,DCC-CBR-window,Full,0.0326902181256567,0.00052260330868961,0.00032391288656705,0.801996672212978,0.0116075704583785,0.0071944467068747,0.141763727121464,0.00743288544326165,0.00460695012721214,3.12562396006656,4.6811112914356e-16,2.90138283768708e-16,0.873394495412844,0.0126828387482127,0.0078609048976342
10013,HeldOutHighNLOS,ShortHighNLOS,High,Dense,ModerateForestGeometry,AoI-greedy,Normal,0.0459024355894585,0.00168354753429473,0.00104347357247623,0.556,0.0304630924234556,0.0188812202995463,0.3512,0.0329740638819192,0.0204375365334366,3.94,0,0,0.600943396226415,0.0332947444844438,0.0206362964300975
10013,HeldOutHighNLOS,ShortHighNLOS,High,Dense,ModerateForestGeometry,AoI-greedy,Coop_1,0.0126190969369069,0.000208901726587185,0.000129478631578823,0.999333333333333,0.00210818510677893,0.00130666666666667,0.000666666666666671,0.00210818510677893,0.00130666666666667,3.75,0,0,0.999333333333333,0.00210818510677893,0.00130666666666667
10013,HeldOutHighNLOS,ShortHighNLOS,High,Dense,ModerateForestGeometry,AoI-greedy,LinkDeg_Emerg,0.0121936389986357,0.000252742778069717,0.000156651596808317,1,0,0,0,0,0,3.75,0,0,1,0,0
10013,HeldOutHighNLOS,ShortHighNLOS,High,Dense,ModerateForestGeometry,AoI-greedy,PosDeg_Emerg,0.012902941075723,0.000208543572561968,0.000129256645414145,1,0,0,0,0,0,3.75,0,0,1,0,0
10013,HeldOutHighNLOS,ShortHighNLOS,High,Dense,ModerateForestGeometry,AoI-greedy,Recovery,0.033290068324473,0.00122505809338231,0.000759298872857821,0.670198675496689,0.0289174797241727,0.0179232396235442,0.276158940397351,0.0291273640265708,0.0180533272619201,4.05629139072848,9.3622225828712e-16,5.80276567537415e-16,0.771052631578947,0.0186997391290286,0.0115902183905459
10013,HeldOutHighNLOS,ShortHighNLOS,High,Dense,ModerateForestGeometry,AoI-greedy,Full,0.0222592797258047,0.000599841627042994,0.000371785692260074,0.824625623960067,0.00830836752571225,0.00514957954372954,0.142595673876872,0.00947916431993438,0.00587524691493476,3.86647254575707,9.3622225828712e-16,5.80276567537415e-16,0.874311926605505,0.00789204152939692,0.00489153801782046
10007,HeldOutLongMixed,LongMixed,Medium,Mixed,ModerateForestGeometry,Link-delay-aware,Normal,0.0142396379835977,0.00102433402054359,0.000634888803584229,0.3832,0.0088040394769169,0.00545680020199059,0.6168,0.0088040394769169,0.00545680020199059,1.8096,2.3405556457178e-16,1.45069141884354e-16,NaN,NaN,NaN
10007,HeldOutLongMixed,LongMixed,Medium,Mixed,ModerateForestGeometry,Link-delay-aware,Coop_1,0.0121071310377785,0.000121241412867945,7.51462062343123e-05,0.999333333333333,0.00210818510677893,0.00130666666666668,0.000666666666666671,0.00210818510677893,0.00130666666666667,2,0,0,NaN,NaN,NaN
10007,HeldOutLongMixed,LongMixed,Medium,Mixed,ModerateForestGeometry,Link-delay-aware,LinkDeg_Emerg,0.0121473737118627,0.000154962247490378,9.60465960680281e-05,0.998461538461539,0.00486504255410518,0.00301538461538461,0.00153846153846153,0.00486504255410518,0.0030153846153846,2,0,0,NaN,NaN,NaN
10007,HeldOutLongMixed,LongMixed,Medium,Mixed,ModerateForestGeometry,Link-delay-aware,PosDeg_Emerg,0.0121479862110793,0.000167666670820219,0.000103920879227959,1,0,0,0,0,0,2.52,4.6811112914356e-16,2.90138283768708e-16,1,0,0
10007,HeldOutLongMixed,LongMixed,Medium,Mixed,ModerateForestGeometry,Link-delay-aware,Recovery,0.0119800208997938,0.000151093748280378,9.36488754165161e-05,1,0,0,0,0,0,2.55,4.6811112914356e-16,2.90138283768708e-16,1,0,0
10007,HeldOutLongMixed,LongMixed,Medium,Mixed,ModerateForestGeometry,Link-delay-aware,Full,0.0122807379061142,0.000136261345583408,8.44556569802471e-05,0.871381031613977,0.00157850798344511,0.0009783693843594,0.128618968386023,0.00157850798344511,0.0009783693843594,2.19376039933445,0,0,1,0,0
10007,HeldOutLongMixed,LongMixed,Medium,Mixed,ModerateForestGeometry,Risk-constrained-v6,Normal,0.0172467342298522,0.00104946940005171,0.000650467873207512,0.3992,0.00957775199790291,0.00593635219080988,0.6008,0.00957775199790288,0.00593635219080986,2.62144,4.6811112914356e-16,2.90138283768708e-16,NaN,NaN,NaN
10007,HeldOutLongMixed,LongMixed,Medium,Mixed,ModerateForestGeometry,Risk-constrained-v6,Coop_1,0.0121071310377785,0.000121241412867945,7.51462062343123e-05,0.999333333333333,0.00210818510677893,0.00130666666666668,0.000666666666666671,0.00210818510677893,0.00130666666666667,2,0,0,NaN,NaN,NaN
10007,HeldOutLongMixed,LongMixed,Medium,Mixed,ModerateForestGeometry,Risk-constrained-v6,LinkDeg_Emerg,0.0121473737118627,0.000154962247490378,9.60465960680281e-05,0.998461538461539,0.00486504255410518,0.00301538461538461,0.00153846153846153,0.00486504255410518,0.0030153846153846,2.06892307692308,0.059896030893251,0.0371239445635906,NaN,NaN,NaN
10007,HeldOutLongMixed,LongMixed,Medium,Mixed,ModerateForestGeometry,Risk-constrained-v6,PosDeg_Emerg,0.0121479862110793,0.000167666670820219,0.000103920879227959,1,0,0,0,0,0,3.11145454545455,0.0245181291969937,0.0151964939168399,1,0,0
10007,HeldOutLongMixed,LongMixed,Medium,Mixed,ModerateForestGeometry,Risk-constrained-v6,Recovery,0.0119800208997938,0.000151093748280378,9.36488754165161e-05,1,0,0,0,0,0,3.15,0,0,1,0,0
10007,HeldOutLongMixed,LongMixed,Medium,Mixed,ModerateForestGeometry,Risk-constrained-v6,Full,0.0125736872801268,0.000153982814397563,9.54395371477766e-05,0.874708818635607,0.00208263819806085,0.00129083252859647,0.125291181364393,0.00208263819806085,0.00129083252859647,2.62906821963394,0.00915131346689755,0.00567204285096336,1,0,0
10007,HeldOutLongMixed,LongMixed,Medium,Mixed,ModerateForestGeometry,Lexico-Chance-MPC,Normal,0.0186708133625685,0.000957803231822052,0.000593652593514278,0.4056,0.0065861808187885,0.00408215716394053,0.5944,0.00658618081878847,0.00408215716394052,3.7792,4.6811112914356e-16,2.90138283768708e-16,NaN,NaN,NaN
10007,HeldOutLongMixed,LongMixed,Medium,Mixed,ModerateForestGeometry,Lexico-Chance-MPC,Coop_1,0.0121071310377785,0.000121241412867945,7.51462062343123e-05,0.999333333333333,0.00210818510677893,0.00130666666666668,0.000666666666666671,0.00210818510677893,0.00130666666666667,2.00186666666667,0.00590291829898103,0.0036586666666667,NaN,NaN,NaN
10007,HeldOutLongMixed,LongMixed,Medium,Mixed,ModerateForestGeometry,Lexico-Chance-MPC,LinkDeg_Emerg,0.0122838142173091,0.000275947232915548,0.000171033866926687,0.998461538461539,0.00486504255410518,0.00301538461538461,0.00153846153846153,0.00486504255410518,0.0030153846153846,2.18815384615385,0.074112943998421,0.0459356785985613,NaN,NaN,NaN
10007,HeldOutLongMixed,LongMixed,Medium,Mixed,ModerateForestGeometry,Lexico-Chance-MPC,PosDeg_Emerg,0.0236992492217848,0.000352814153453689,0.000218676477868933,1,0,0,0,0,0,4.91081818181818,0.0201374979729293,0.0124813505544101,1,0,0
10007,HeldOutLongMixed,LongMixed,Medium,Mixed,ModerateForestGeometry,Lexico-Chance-MPC,Recovery,0.0238132640651243,0.000247352979577393,0.000153310965092761,1,0,0,0,0,0,5.02748344370861,9.3622225828712e-16,5.80276567537415e-16,1,0,0
10007,HeldOutLongMixed,LongMixed,Medium,Mixed,ModerateForestGeometry,Lexico-Chance-MPC,Full,0.0185408908384937,0.000211090174988512,0.000130835045950852,0.87603993344426,0.00161701383661822,0.00100223555941731,0.12396006655574,0.00161701383661822,0.00100223555941731,3.6842762063228,0.0107730448331798,0.00667720236555954,1,0,0
10007,HeldOutLongMixed,LongMixed,Medium,Mixed,ModerateForestGeometry,Budgeted-Lexico-MPC,Normal,0.0182324042313759,0.000975359081891302,0.000604533822120212,0.404,0.00565685424949236,0.00350615458871966,0.596,0.00565685424949233,0.00350615458871964,3.72632,0.0349988799820792,0.0216925305544557,NaN,NaN,NaN
10007,HeldOutLongMixed,LongMixed,Medium,Mixed,ModerateForestGeometry,Budgeted-Lexico-MPC,Coop_1,0.0121071310377785,0.000121241412867945,7.51462062343123e-05,0.999333333333333,0.00210818510677893,0.00130666666666668,0.000666666666666671,0.00210818510677893,0.00130666666666667,2,0,0,NaN,NaN,NaN
10007,HeldOutLongMixed,LongMixed,Medium,Mixed,ModerateForestGeometry,Budgeted-Lexico-MPC,LinkDeg_Emerg,0.0122458270220309,0.000285469559843572,0.00017693586630328,0.998461538461539,0.00486504255410518,0.00301538461538461,0.00153846153846153,0.00486504255410518,0.0030153846153846,2.01430769230769,0.0361605740239417,0.0224125559812961,NaN,NaN,NaN
10007,HeldOutLongMixed,LongMixed,Medium,Mixed,ModerateForestGeometry,Budgeted-Lexico-MPC,PosDeg_Emerg,0.0122241602195024,0.000170755681707343,0.000105835468011551,1,0,0,0,0,0,2.53081818181818,0.0159570705072565,0.00989029476701847,1,0,0
10007,HeldOutLongMixed,LongMixed,Medium,Mixed,ModerateForestGeometry,Budgeted-Lexico-MPC,Recovery,0.0119800208997938,0.000151093748280378,9.36488754165161e-05,1,0,0,0,0,0,2.55,4.6811112914356e-16,2.90138283768708e-16,1,0,0
10007,HeldOutLongMixed,LongMixed,Medium,Mixed,ModerateForestGeometry,Budgeted-Lexico-MPC,Full,0.0127005057096846,0.000145026133277453,8.9888128675163e-05,0.875707154742096,0.00157850798344511,0.0009783693843594,0.124292845257903,0.00157850798344511,0.0009783693843594,2.59594009983361,0.00566089623215158,0.003508659835527,1,0,0
10007,HeldOutLongMixed,LongMixed,Medium,Mixed,ModerateForestGeometry,DCC-CBR-window,Normal,0.0152835809935693,0.000884466254030053,0.000548197863753241,0.3776,0.00826236447190916,0.0051210665555787,0.6224,0.00826236447190916,0.0051210665555787,1.88896,0,0,NaN,NaN,NaN
10007,HeldOutLongMixed,LongMixed,Medium,Mixed,ModerateForestGeometry,DCC-CBR-window,Coop_1,0.0121121089889965,0.000126067677300462,7.81375559209271e-05,1,0,0,0,0,0,2.7,4.6811112914356e-16,2.90138283768708e-16,NaN,NaN,NaN
10007,HeldOutLongMixed,LongMixed,Medium,Mixed,ModerateForestGeometry,DCC-CBR-window,LinkDeg_Emerg,0.0121640163244243,0.000182821838467183,0.000113314149452835,1,0,0,0,0,0,2.7,4.6811112914356e-16,2.90138283768708e-16,NaN,NaN,NaN
10007,HeldOutLongMixed,LongMixed,Medium,Mixed,ModerateForestGeometry,DCC-CBR-window,PosDeg_Emerg,0.0235659342139612,0.000315738349673588,0.000195696656607719,1,0,0,0,0,0,3.21054545454545,0,0,1,0,0
10007,HeldOutLongMixed,LongMixed,Medium,Mixed,ModerateForestGeometry,DCC-CBR-window,Recovery,0.0238914104106435,0.000252930995132946,0.000156768254952722,1,0,0,0,0,0,3.24,4.6811112914356e-16,2.90138283768708e-16,1,0,0
10007,HeldOutLongMixed,LongMixed,Medium,Mixed,ModerateForestGeometry,DCC-CBR-window,Full,0.0182138118988868,0.000124305345499087,7.70452513538097e-05,0.870549084858569,0.00171846182860007,0.00106511367628509,0.129450915141431,0.00171846182860007,0.00106511367628509,2.76043261231281,4.6811112914356e-16,2.90138283768708e-16,1,0,0
10007,HeldOutLongMixed,LongMixed,Medium,Mixed,ModerateForestGeometry,AoI-greedy,Normal,0.0158055961459702,0.00157845706297948,0.000978337823527822,0.3928,0.00880403947691689,0.00545680020199058,0.6072,0.00880403947691688,0.00545680020199057,3.436,9.3622225828712e-16,5.80276567537415e-16,NaN,NaN,NaN
10007,HeldOutLongMixed,LongMixed,Medium,Mixed,ModerateForestGeometry,AoI-greedy,Coop_1,0.0121121089889965,0.000126067677300462,7.81375559209271e-05,1,0,0,0,0,0,3.33046666666667,0.0210374152287343,0.0130391250482804,NaN,NaN,NaN
10007,HeldOutLongMixed,LongMixed,Medium,Mixed,ModerateForestGeometry,AoI-greedy,LinkDeg_Emerg,0.0121640163244243,0.000182821838467183,0.000113314149452835,1,0,0,0,0,0,2.72369230769231,0.0220118908753417,0.0136431113115388,NaN,NaN,NaN
10007,HeldOutLongMixed,LongMixed,Medium,Mixed,ModerateForestGeometry,AoI-greedy,PosDeg_Emerg,0.0121479862110793,0.000167666670820219,0.000103920879227959,1,0,0,0,0,0,3.69272727272727,0,0,1,0,0
10007,HeldOutLongMixed,LongMixed,Medium,Mixed,ModerateForestGeometry,AoI-greedy,Recovery,0.0119800208997938,0.000151093748280378,9.36488754165161e-05,1,0,0,0,0,0,3.75,0,0,1,0,0
10007,HeldOutLongMixed,LongMixed,Medium,Mixed,ModerateForestGeometry,AoI-greedy,Full,0.0124356573342241,0.000226362950096161,0.000140301210035064,0.873710482529118,0.00183112301932548,0.00113494180573847,0.126289517470882,0.00183112301932548,0.00113494180573847,3.45850249584027,0.00609057254060574,0.00377497597062733,1,0,0
10015,HeldOutBoundary,LongLowNLOS,Low,Sparse,ModerateForestGeometry,Link-delay-aware,Normal,0.0123510421680183,0.000377390022159176,0.000233908759103905,0.66,0.00565685424949239,0.00350615458871967,0.34,0.00565685424949239,0.00350615458871967,1.0816,0,0,NaN,NaN,NaN
10015,HeldOutBoundary,LongLowNLOS,Low,Sparse,ModerateForestGeometry,Link-delay-aware,Coop_1,0.0121071310377785,0.000121241412867945,7.51462062343123e-05,0.999333333333333,0.00210818510677893,0.00130666666666668,0.000666666666666671,0.00210818510677893,0.00130666666666667,1,0,0,NaN,NaN,NaN
10015,HeldOutBoundary,LongLowNLOS,Low,Sparse,ModerateForestGeometry,Link-delay-aware,LinkDeg_Emerg,0.0121473737118627,0.000154962247490378,9.60465960680281e-05,0.998461538461539,0.00486504255410518,0.00301538461538461,0.00153846153846153,0.00486504255410518,0.0030153846153846,1.42,0,0,1,0,0
10015,HeldOutBoundary,LongLowNLOS,Low,Sparse,ModerateForestGeometry,Link-delay-aware,PosDeg_Emerg,0.0121399506793445,0.000166563099856665,0.000103236878858285,0.999090909090909,0.00287479787288033,0.00178181818181817,0.000909090909090904,0.00287479787288033,0.00178181818181817,1,0,0,NaN,NaN,NaN
10015,HeldOutBoundary,LongLowNLOS,Low,Sparse,ModerateForestGeometry,Link-delay-aware,Recovery,0.0119658163216936,0.000122883315742705,7.61638681793923e-05,0.999337748344371,0.00209422361600556,0.00129801324503312,0.000662251655629142,0.00209422361600556,0.00129801324503312,1.11158940397351,2.3405556457178e-16,1.45069141884354e-16,1,0,0
10015,HeldOutBoundary,LongLowNLOS,Low,Sparse,ModerateForestGeometry,Link-delay-aware,Full,0.0121163861893082,0.000114289856594811,7.08375870175494e-05,0.928618968386023,0.00183112301932548,0.00113494180573847,0.0713810316139768,0.00183112301932548,0.00113494180573847,1.09043261231281,2.3405556457178e-16,1.45069141884354e-16,1,0,0
10015,HeldOutBoundary,LongLowNLOS,Low,Sparse,ModerateForestGeometry,Risk-constrained-v6,Normal,0.0136495738381,0.000939523232584424,0.000582322532603737,0.672,0.00923760430703402,0.00572552646778734,0.328,0.00923760430703402,0.00572552646778734,1.78016,2.3405556457178e-16,1.45069141884354e-16,NaN,NaN,NaN
10015,HeldOutBoundary,LongLowNLOS,Low,Sparse,ModerateForestGeometry,Risk-constrained-v6,Coop_1,0.0121071310377785,0.000121241412867945,7.51462062343123e-05,0.999333333333333,0.00210818510677893,0.00130666666666668,0.000666666666666671,0.00210818510677893,0.00130666666666667,1.00093333333333,0.00295145914949051,0.00182933333333335,NaN,NaN,NaN
10015,HeldOutBoundary,LongLowNLOS,Low,Sparse,ModerateForestGeometry,Risk-constrained-v6,LinkDeg_Emerg,0.0121473737118627,0.000154962247490378,9.60465960680281e-05,0.998461538461539,0.00486504255410518,0.00301538461538461,0.00153846153846153,0.00486504255410518,0.0030153846153846,1.57230769230769,0.0602820458288343,0.0373631990994187,1,0,0
10015,HeldOutBoundary,LongLowNLOS,Low,Sparse,ModerateForestGeometry,Risk-constrained-v6,PosDeg_Emerg,0.0121479862110793,0.000167666670820219,0.000103920879227959,1,0,0,0,0,0,1.42372727272727,0.048006064049152,0.0297544667634682,NaN,NaN,NaN
10015,HeldOutBoundary,LongLowNLOS,Low,Sparse,ModerateForestGeometry,Risk-constrained-v6,Recovery,0.0119658163216936,0.000122883315742705,7.61638681793923e-05,0.999337748344371,0.00209422361600556,0.00129801324503312,0.000662251655629142,0.00209422361600556,0.00129801324503312,1.16559602649007,0.0217175521592611,0.0134606782852475,1,0,0
10015,HeldOutBoundary,LongLowNLOS,Low,Sparse,ModerateForestGeometry,Risk-constrained-v6,Full,0.0123144412608346,0.000192283347455768,0.000119178453480027,0.931281198003328,0.00222544677179577,0.00137934619962735,0.0687188019966723,0.00222544677179577,0.00137934619962735,1.34355241264559,0.0141605630925456,0.00877680793530053,1,0,0
10015,HeldOutBoundary,LongLowNLOS,Low,Sparse,ModerateForestGeometry,Lexico-Chance-MPC,Normal,0.0137622667650603,0.000923520002054776,0.000572403627558429,0.6728,0.0088040394769169,0.00545680020199059,0.3272,0.0088040394769169,0.00545680020199059,1.97312,2.3405556457178e-16,1.45069141884354e-16,NaN,NaN,NaN
10015,HeldOutBoundary,LongLowNLOS,Low,Sparse,ModerateForestGeometry,Lexico-Chance-MPC,Coop_1,0.0121071310377785,0.000121241412867945,7.51462062343123e-05,0.999333333333333,0.00210818510677893,0.00130666666666668,0.000666666666666671,0.00210818510677893,0.00130666666666667,1.00093333333333,0.00295145914949051,0.00182933333333335,NaN,NaN,NaN
10015,HeldOutBoundary,LongLowNLOS,Low,Sparse,ModerateForestGeometry,Lexico-Chance-MPC,LinkDeg_Emerg,0.0132525301535899,0.000394021701491451,0.000244217180752598,0.998461538461539,0.00486504255410518,0.00301538461538461,0.00153846153846153,0.00486504255410518,0.0030153846153846,1.75830769230769,0.059222221605466,0.0367063132402272,1,0,0
10015,HeldOutBoundary,LongLowNLOS,Low,Sparse,ModerateForestGeometry,Lexico-Chance-MPC,PosDeg_Emerg,0.0139508905350979,0.0011470208750123,0.000710930903804444,1,0,0,0,0,0,1.41127272727273,0.0475399401943491,0.0294655602050969,NaN,NaN,NaN
10015,HeldOutBoundary,LongLowNLOS,Low,Sparse,ModerateForestGeometry,Lexico-Chance-MPC,Recovery,0.012507588628923,0.000229409004792025,0.000142189174295475,0.999337748344371,0.00209422361600556,0.00129801324503312,0.000662251655629142,0.00209422361600556,0.00129801324503312,1.24016556291391,0.0208362387050618,0.0129144345470747,1,0,0
10015,HeldOutBoundary,LongLowNLOS,Low,Sparse,ModerateForestGeometry,Lexico-Chance-MPC,Full,0.0129598703358404,0.000253670751948953,0.000157226760977552,0.931447587354409,0.00219061759934903,0.00135775885489305,0.0685524126455907,0.00219061759934903,0.00135775885489305,1.42025790349418,0.013726782518771,0.00850794795019946,1,0,0
10015,HeldOutBoundary,LongLowNLOS,Low,Sparse,ModerateForestGeometry,Budgeted-Lexico-MPC,Normal,0.0138452404535134,0.00084631148175295,0.000524549290889105,0.6728,0.00795543140809403,0.00493082747168825,0.3272,0.00795543140809403,0.00493082747168825,1.946176,0.014875354113432,0.00921983999999999,NaN,NaN,NaN
10015,HeldOutBoundary,LongLowNLOS,Low,Sparse,ModerateForestGeometry,Budgeted-Lexico-MPC,Coop_1,0.0121071310377785,0.000121241412867945,7.51462062343123e-05,0.999333333333333,0.00210818510677893,0.00130666666666668,0.000666666666666671,0.00210818510677893,0.00130666666666667,1,0,0,NaN,NaN,NaN
10015,HeldOutBoundary,LongLowNLOS,Low,Sparse,ModerateForestGeometry,Budgeted-Lexico-MPC,LinkDeg_Emerg,0.0123241653297104,0.000413945300660865,0.000256565955455061,0.998461538461539,0.00486504255410518,0.00301538461538461,0.00153846153846153,0.00486504255410518,0.0030153846153846,1.44023076923077,0.0404934228147702,0.0250980834847765,1,0,0
10015,HeldOutBoundary,LongLowNLOS,Low,Sparse,ModerateForestGeometry,Budgeted-Lexico-MPC,PosDeg_Emerg,0.0149840938177007,0.000546003278765394,0.000338416338280424,0.999090909090909,0.00287479787288033,0.00178181818181817,0.000909090909090904,0.00287479787288033,0.00178181818181817,1.21027272727273,0.0438401177332477,0.0271723864856922,NaN,NaN,NaN
10015,HeldOutBoundary,LongLowNLOS,Low,Sparse,ModerateForestGeometry,Budgeted-Lexico-MPC,Recovery,0.011981458205585,0.000145737297728159,9.0328912968377e-05,0.999337748344371,0.00209422361600556,0.00129801324503312,0.000662251655629142,0.00209422361600556,0.00129801324503312,1.11331125827815,0.00362998760107638,0.00224988962472412,1,0,0
10015,HeldOutBoundary,LongLowNLOS,Low,Sparse,ModerateForestGeometry,Budgeted-Lexico-MPC,Full,0.0129254310953628,0.000144472109957783,8.95447414640298e-05,0.931281198003328,0.00248657923144314,0.00154119777495093,0.0687188019966723,0.00248657923144314,0.00154119777495093,1.31135940099834,0.00836508127802532,0.00518473109159448,1,0,0
10015,HeldOutBoundary,LongLowNLOS,Low,Sparse,ModerateForestGeometry,DCC-CBR-window,Normal,0.0123262238160823,0.000383651095406116,0.00023778941250717,0.6592,0.00559364719024081,0.00346697844751818,0.3408,0.00559364719024081,0.00346697844751818,1.31904,0.00118058365979618,0.000731733333333325,NaN,NaN,NaN
10015,HeldOutBoundary,LongLowNLOS,Low,Sparse,ModerateForestGeometry,DCC-CBR-window,Coop_1,0.0121121089889965,0.000126067677300462,7.81375559209271e-05,1,0,0,0,0,0,1.40973333333333,0.00120492815215342,0.000746822206021894,NaN,NaN,NaN
10015,HeldOutBoundary,LongLowNLOS,Low,Sparse,ModerateForestGeometry,DCC-CBR-window,LinkDeg_Emerg,0.013304730807655,0.000188355208773097,0.000116743767900385,1,0,0,0,0,0,1.94676923076923,7.40148683083438e-17,4.58748906560689e-17,1,0,0
10015,HeldOutBoundary,LongLowNLOS,Low,Sparse,ModerateForestGeometry,DCC-CBR-window,PosDeg_Emerg,0.0121479862110793,0.000167666670820219,0.000103920879227959,1,0,0,0,0,0,1.40727272727273,0,0,NaN,NaN,NaN
10015,HeldOutBoundary,LongLowNLOS,Low,Sparse,ModerateForestGeometry,DCC-CBR-window,Recovery,0.0125366076512402,0.000145460966805457,9.01576412880566e-05,1,0,0,0,0,0,1.54456953642384,2.3405556457178e-16,1.45069141884354e-16,1,0,0
10015,HeldOutBoundary,LongLowNLOS,Low,Sparse,ModerateForestGeometry,DCC-CBR-window,Full,0.0124047089416982,0.000115883902728994,7.18255870475127e-05,0.929118136439268,0.00116340415770399,0.000721085367620253,0.0708818635607322,0.00116340415770399,0.000721085367620253,1.48237936772046,0.000407191455196473,0.000252379878667135,1,0,0
10015,HeldOutBoundary,LongLowNLOS,Low,Sparse,ModerateForestGeometry,AoI-greedy,Normal,0.0129462437832451,0.000909232914137723,0.000563548398724433,0.6664,0.00847479924377105,0.00525273499130586,0.3336,0.00847479924377105,0.00525273499130586,1.636,2.3405556457178e-16,1.45069141884354e-16,NaN,NaN,NaN
10015,HeldOutBoundary,LongLowNLOS,Low,Sparse,ModerateForestGeometry,AoI-greedy,Coop_1,0.0121071310377785,0.000121241412867945,7.51462062343123e-05,0.999333333333333,0.00210818510677893,0.00130666666666668,0.000666666666666671,0.00210818510677893,0.00130666666666667,1,0,0,NaN,NaN,NaN
10015,HeldOutBoundary,LongLowNLOS,Low,Sparse,ModerateForestGeometry,AoI-greedy,LinkDeg_Emerg,0.0121473737118627,0.000154962247490378,9.60465960680281e-05,0.998461538461539,0.00486504255410518,0.00301538461538461,0.00153846153846153,0.00486504255410518,0.0030153846153846,1.91846153846154,4.6811112914356e-16,2.90138283768708e-16,1,0,0
10015,HeldOutBoundary,LongLowNLOS,Low,Sparse,ModerateForestGeometry,AoI-greedy,PosDeg_Emerg,0.0121399506793445,0.000166563099856665,0.000103236878858285,0.999090909090909,0.00287479787288033,0.00178181818181817,0.000909090909090904,0.00287479787288033,0.00178181818181817,1,0,0,NaN,NaN,NaN
10015,HeldOutBoundary,LongLowNLOS,Low,Sparse,ModerateForestGeometry,AoI-greedy,Recovery,0.0119658163216936,0.000122883315742705,7.61638681793923e-05,0.999337748344371,0.00209422361600556,0.00129801324503312,0.000662251655629142,0.00209422361600556,0.00129801324503312,1.22284768211921,0,0,1,0,0
10015,HeldOutBoundary,LongLowNLOS,Low,Sparse,ModerateForestGeometry,AoI-greedy,Full,0.0122062693203058,0.000194903222936507,0.000120802269126239,0.929950083194676,0.00214090505442249,0.0013269467003238,0.0700499168053245,0.00214090505442249,0.0013269467003238,1.28760399334443,0,0,1,0,0
