t,is_nlos,nlosv,shadowing_dB,interference_dB,veg_atten_dB
0,0,0,3.16172616294766,1.06319863569294,1.68250671948821
0.2,0,0,3.16764086341171,1.06541055189902,1.68477426456847
0.4,0,0,3.18406356148422,1.07146904883989,1.68796439655727
0.6,0,0,3.21969207398013,1.08768315275035,1.69084703046399
0.8,0,0,3.21728229608309,1.08397145430745,1.69418634599739
1,0,0,3.23643055802903,1.08701262826542,1.7001555421468
1.2,0,0,3.25756571141284,1.0893197447433,1.70722406239631
1.4,0,0,3.27031601767522,1.08786985338113,1.7139755030881
1.6,0,0,3.27961929437022,1.08962323049205,1.71754786025642
1.8,0,0,3.30128308347375,1.09710807707319,1.72142927201459
2,0,0,3.30564436506435,1.09536437942934,1.72561344898714
2.2,0,0,3.30560973099687,1.0909148934265,1.73009341128371
2.4,0,0,3.28676156547848,1.0769639005022,1.73456123498633
2.6,0,0,3.33661236234434,1.09851097575954,1.73847923955357
2.8,0,0,3.30539270178872,1.07994446283149,1.74186866516361
3,0,0,3.31427989806895,1.08162134262902,1.74523600300435
3.2,0,0,3.32006217182337,1.08173627087955,1.74858029986555
3.4,0,0,3.42078356738378,1.12976510409594,1.75190060888031
3.6,0,0,3.34890868824813,1.09070321925321,1.75519598983565
3.8,0,0,3.32024108074337,1.07345084401149,1.75846550948102
4,0,0,3.3289555936533,1.0750688516865,1.76170824183478
4.2,0,0,3.35098601446527,1.08341322098885,1.7649232684884
4.4,0,0,3.3640252430192,1.08722762100993,1.76810967890834
4.6,0,0,3.37433597484859,1.08967274878665,1.77126657073553
4.8,0,0,3.38288348606697,1.09123609015402,1.77439305008229
5,0,0,3.39138505286237,1.09278460720939,1.77748823182666
5.2,0,0,3.40041345067905,1.09514997121806,1.78020402617654
5.4,0,0,3.40962968162554,1.09774864294059,1.78280392097377
5.6,0,0,3.4193701435879,1.1005816026565,1.78539536896131
5.8,0,0,3.4265124091053,1.10191886580146,1.78807658254141
6,0,0,3.4377431546034,1.10513699752537,1.79084548922261
6.2,0,0,3.42907793781919,1.09825896608265,1.79362074667017
6.4,0,0,3.44492817929862,1.10367551641811,1.79641481321319
6.6,0,0,3.45561689905786,1.10638664585435,1.79924265272949
6.8,0,0,3.48448790545234,1.11792379297183,1.80226277658311
7,0,0,3.49614296936038,1.12042930296849,1.80547132242506
7.2,0,0,3.48216897217018,1.10966335007821,1.80886413649352
7.4,0,0,3.48880616873468,1.11026842557165,1.81160283102806
7.6,0,0,3.49938217079158,1.11293612987864,1.81426003142615
7.8,0,0,3.5126066925519,1.11697157285305,1.81686326221638
8,0,0,3.51826315116306,1.11717399314374,1.81944098086791
8.2,0,0,3.51142548608605,1.11105824138018,1.82199227665621
8.4,0,0,3.51659297983135,1.1110337840284,1.82448688812017
8.6,0,0,3.52266490429304,1.11153618781093,1.82690048771637
8.8,0,0,3.53000540730387,1.11272746057658,1.82924655142664
9,0,0,3.53727091650051,1.11389642891351,1.83154588170657
9.2,0,0,3.54293930592269,1.11427532128919,1.83379783981776
9.4,0,0,3.62538056623107,1.15341191215702,1.83600180140469
9.6,0,0,3.6333670948733,1.15499331683447,1.83815715670305
9.8,0,0,3.56100256352199,1.11604442301154,1.84026331074321
10,0,0,3.57436134116752,1.12037080615155,1.84231968354902
10.2,0,0,3.67007817617756,1.16627459160679,1.84432571033165
10.4,1,1,4.90171108176767,1.73630766809659,1.84628084167856
10.6,0,0,3.60025814403511,1.12630072439132,1.84818454373746
10.8,0,0,3.60673302519429,1.12724894314365,1.85002102555719
11,0,0,3.61509716997176,1.12944601988477,1.85162782844097
11.2,0,0,3.63460881507476,1.13747369201646,1.85306241270031
11.4,0,0,3.64109735726646,1.13884330885137,1.85451118899851
11.6,0,0,3.64400797244109,1.13832232366763,1.85597313252414
11.8,0,0,3.64315944305693,1.13582049527145,1.85744721785884
12,0,0,3.64255919396573,1.13360427827384,1.85877683558626
12.2,0,0,3.64758967440493,1.13521539066115,1.85943311668673
12.4,0,0,3.65611086912783,1.13827644292505,1.86024664995778
12.6,0,0,3.66734138101532,1.14225016897455,1.86130877520745
12.8,1,1,4.83806383829148,1.68174899388165,1.862637791107
13,1,1,4.97028661859367,1.7458167410003,1.86423028940063
13.2,0,0,3.66896625032718,1.1354180892782,1.86588541850265
13.4,0,0,3.67569859541681,1.13611224948249,1.86742263268219
13.6,0,0,3.71514657983771,1.1537426935377,1.86864313440772
13.8,1,1,4.93517120642386,1.71789370165662,1.8699021482783
14,0,0,3.7095102014309,1.14596493266665,1.87119843546241
14.2,0,0,3.71099318145539,1.14405939951934,1.87253074250219
14.4,0,0,3.71121754485372,1.14139647908826,1.87389780410371
14.6,0,0,3.71632892799809,1.14189042079473,1.87477899374983
14.8,0,0,3.72096121817333,1.14230814248468,1.87551058069849
15,0,0,3.72548177252616,1.14269650029154,1.87618124825721
15.2,0,0,3.72989824819438,1.14305647156408,1.87679284621556
15.4,0,0,3.72025749411428,1.13634716187901,1.87734525536827
15.6,0,0,3.72432290890769,1.1365788809096,1.8778383748878
15.8,0,0,3.73348893104108,1.13940925202709,1.87827212236115
16,0,0,3.74272686577955,1.14230087007005,1.87864643382047
16.2,0,0,3.74662014954792,1.14252059710745,1.87896126376764
16.4,0,0,3.75040651523961,1.14271171366574,1.87921658519273
16.6,0,0,3.75388813497453,1.14284902249661,1.87936472072949
16.8,0,0,3.75854246367586,1.14372152256591,1.87937798203932
17,0,0,3.76306081711169,1.14479775527824,1.87917395097469
17.2,1,1,4.93118602778974,1.68389896168479,1.87896558457317
17.4,0,0,3.78683447783519,1.15420761063957,1.87875259572219
17.6,0,0,3.76309097272578,1.14084440680878,1.87853470781678
17.8,0,0,3.7604211916258,1.13813291737105,1.87826350364353
18,0,0,3.7859253905423,1.14968050777642,1.8779235787051
18.2,0,0,3.78935264107367,1.15004218892565,1.87757095213263
18.4,0,0,3.77680451508876,1.14221418754637,1.87725887773911
18.6,0,0,3.78260414822414,1.14351805355464,1.87698682520415
18.8,0,0,3.78459545357164,1.1427745700926,1.8767542450646
19,0,0,3.78691636609835,1.14207318830189,1.8765605706062
19.2,0,0,3.79054306421682,1.14203892851319,1.87632132396374
19.4,0,0,3.79418250437524,1.14240186918606,1.87579185849158
19.6,0,0,3.79784476567217,1.14291077375049,1.87513664178673
19.8,0,0,3.802315976242,1.14387094093376,1.87441455444084
20,0,0,3.80228343102747,1.14257560535548,1.87364251347843
20.2,0,0,3.79819491093973,1.13925089534628,1.87282079645834
20.4,0,0,3.79694653855385,1.13740219892686,1.8719335171967
20.6,0,0,3.80137654519283,1.13846336690221,1.87098005902863
20.8,0,0,3.80275605411042,1.13803621121922,1.86995661061308
21,0,0,3.80402631482591,1.13758235751988,1.86887808625788
21.2,0,0,3.80409053991157,1.1365526251133,1.86774219783299
21.4,0,0,3.82407265318419,1.1456096916544,1.86654748127567
21.6,0,0,3.88357899570723,1.17470837666772,1.86525537886329
21.8,0,0,3.82348736015187,1.14346991871706,1.86391872602575
22,0,0,3.8233171521467,1.14248441020315,1.86253794693236
22.2,0,0,3.82249599379433,1.14118565134953,1.86111348344945
22.4,1,1,4.99065766445677,1.68071891577039,1.85963372114999
22.6,0,0,3.82642832644608,1.14233950055102,1.85756415035165
22.8,0,0,3.81688771819293,1.13796504930882,1.85519316981062
23,0,0,3.8164505396587,1.13792858833665,1.85295429758276
23.2,0,0,3.8156199639263,1.13743824477008,1.85084782640085
23.4,0,0,3.80570483583944,1.13210895599031,1.84887390242666
23.6,0,0,3.79670473868099,1.12701646570525,1.84701411818343
23.8,0,0,3.79636136604462,1.1261966633484,1.84518634570927
24,0,0,3.79641992258829,1.12543318799726,1.84342374107018
24.2,0,0,3.7976269407114,1.12511418091401,1.84171963902662
24.4,0,0,3.81071436482726,1.13079956923,1.8399822887771
24.6,0,0,3.81570337645793,1.13219040569953,1.83835139879306
24.8,0,0,3.81505747631571,1.13053125315104,1.83682674280828
25,0,0,3.81508446368065,1.12901236089613,1.83540441855235
25.2,0,0,3.81432082513356,1.1269970811744,1.83401989612403
25.4,0,0,3.8147228430413,1.1263080992613,1.83213890864503
25.6,0,0,3.81600561081741,1.12651396271812,1.82994638726199
25.8,0,0,3.86832317146799,1.15249685531505,1.8277163487259
26,0,0,3.84478174147134,1.14022300308191,1.82544954645516
26.2,0,0,3.80225838102545,1.11839396515516,1.82314674672408
26.4,0,0,3.80049617900455,1.11716128034431,1.8208063492598
26.6,0,0,3.8115363571014,1.12244548315169,1.81841040967072
26.8,0,0,3.82099073186438,1.12695996651383,1.81597633850358
27,0,0,3.79830126629974,1.11528337366794,1.81350557217184
27.2,0,0,3.79591405167342,1.11395809529435,1.81094973889197
27.4,0,0,3.79209363648893,1.11207107816018,1.80827430082853
27.6,0,0,3.78944665480203,1.11091227211121,1.80549634926275
27.8,0,0,3.78722239275047,1.1099436151671,1.80271866387733
28,0,0,3.78132972887415,1.10709431517707,1.79994611292372
28.2,0,0,3.77239655611172,1.1026812687104,1.79717950131761
28.4,0,0,3.76680401936134,1.09997173255823,1.79438946503988
28.6,0,0,3.76388278312072,1.09861278580777,1.79158655727954
28.8,0,0,3.76110173133488,1.0973100893659,1.78878256510431
29,0,0,3.75891678644676,1.09624687557627,1.78600833880615
29.2,0,0,3.77626958537881,1.1049816593875,1.7832646834284
29.4,0,0,3.78506025023909,1.10933464502774,1.78055240441486
29.6,0,0,3.76061688564101,1.09685588940871,1.77787230745327
29.8,0,0,3.75878880738278,1.09572846254093,1.77522519832048
30,0,0,3.7627047019995,1.09746104933271,1.77259763824259
30.2,0,0,3.87395607366893,1.15377173825121,1.76970078063065
30.4,0,0,3.75260838602123,1.09275951373689,1.76676705211648
30.6,0,0,3.75084713204048,1.09213527565,1.76380417422373
30.8,0,0,3.74707019769489,1.09051804131302,1.76082427213703
31,0,0,3.755775722633,1.09522338021023,1.75782860202828
31.2,0,0,3.7438419977491,1.08954455465574,1.75481339443133
31.4,0,0,3.73655071283409,1.08624197592827,1.75177786530417
31.6,0,0,3.73271984646209,1.08471918728089,1.74872291105681
31.8,0,0,3.72872431275252,1.08313944007088,1.74565420715591
32,0,0,3.72428756553486,1.08143820405759,1.74252462890119
32.2,0,0,3.71987279344018,1.07989840285989,1.73930359513764
32.4,0,0,3.71892489287573,1.080235189594,1.7360068936296
32.6,0,0,3.71494961235007,1.07901319662279,1.73273674214617
32.8,0,0,3.70622058745548,1.07536109344863,1.72949416157719
33,0,0,3.69817725432579,1.0720381121104,1.72627087453332
33.2,0,0,3.69045446266602,1.0688749118545,1.72305824093907
33.4,0,0,3.68537018819483,1.0672811618295,1.7197035249797
33.6,0,0,3.73606331068444,1.09375601359229,1.71641001135123
33.8,0,0,3.69542487734723,1.07404907068601,1.71318857599232
34,0,0,3.67624000440768,1.06506191402207,1.71004819398711
34.2,0,0,3.67278723719811,1.06390695141208,1.70699003310059
34.4,0,0,3.67643903230404,1.06622801403558,1.70401659844283
34.6,0,0,3.67468169324429,1.06571024038952,1.7011288835415
34.8,0,0,3.66095006090765,1.0592044656808,1.69822292072984
35,0,0,3.6579459317718,1.05827701297692,1.6952288973995
35.2,0,0,3.65645453656736,1.05833613015636,1.69211041066141
35.4,0,0,3.65496804043256,1.05840173702817,1.68900870222032
35.6,0,0,3.64810272218336,1.05575685802156,1.68592479789177
35.8,0,0,3.64057238043246,1.05277997262864,1.68285972211227
36,0,0,3.63139673970406,1.04901106484489,1.67979216314238
36.2,0,0,3.62998430164809,1.04922209944082,1.6767074985436
36.4,0,0,3.62301120161375,1.04669720483663,1.67360167799338
36.6,0,0,3.61736225616741,1.04486254048218,1.67050635741012
36.8,0,0,3.6113866492105,1.04288522617552,1.66742228986552
37,0,0,3.6364436334741,1.0565977284968,1.66434532710787
37.2,0,0,3.63276838848189,1.05583466934008,1.66128051644085
37.4,0,0,3.59111985868409,1.03592855635417,1.65823140184308
37.6,0,0,3.58566370758409,1.03430501021261,1.65519895386098
37.8,0,0,3.58611318440643,1.03568036345833,1.65218413706976
38,0,0,3.6092017151515,1.04849913444536,1.64918750181787
38.2,0,0,3.56835989021391,1.02908327636726,1.6462053549624
38.4,0,0,3.56314223307935,1.0276613016867,1.64324437256666
38.6,0,0,3.55826891681872,1.02642912660322,1.64030599062894
38.8,0,0,3.55382781309365,1.02543027979284,1.63739151348012
39,0,0,3.54872080444701,1.02411038719869,1.63450186714582
39.2,0,0,3.54337269316573,1.02268357590012,1.63163796976529
39.4,0,0,3.53806418068567,1.02129125411137,1.62880073128978
39.6,0,0,3.53278589601865,1.01993353236103,1.62598779909353
39.8,0,0,3.52748059938588,1.01858532105616,1.62319747926581
40,0,0,3.52300094767099,1.01768004895627,1.62042847625179
40.2,0,0,3.51784866828449,1.01645286111717,1.61768713333476
40.4,0,0,3.51481950749201,1.01631432632866,1.61497430512806
40.6,0,0,3.51688110742592,1.01876175535352,1.61229083584665
40.8,0,0,3.49961094865592,1.01147070129108,1.60963755902626
41,0,0,3.49425161532811,1.01020981719827,1.6070133090245
41.2,0,0,3.48886218579485,1.00895102765997,1.60442027485591
41.4,0,0,3.48934451209691,1.0106718950127,1.60185952557427
41.6,0,0,3.47892723585079,1.00690890886128,1.59933186627276
41.8,0,0,3.47179034835659,1.00481742077911,1.59683806328106
42,0,0,3.46620882134353,1.00352669277278,1.59437888378042
42.2,0,0,3.46073618526162,1.00230655694442,1.59195508050539
42.4,0,0,3.45533829183958,1.0011395392997,1.5895673921521
42.6,0,0,3.44987808619235,0.999956239455356,1.58721654227595
42.8,0,0,3.44444879136107,0.998803460710311,1.58490324108948
43,0,0,3.43904734874858,0.997679428322055,1.58262817990764
43.2,0,0,3.43365853700921,0.996576215222272,1.58039204552576
43.4,0,0,3.42827675438152,0.995490752233055,1.57819550829935
43.6,0,0,3.42297323419829,0.994458741874703,1.57603922503197
43.8,0,0,3.41760480842089,0.993407697913019,1.57392383577089
44,0,0,3.41275961930381,0.99263417148106,1.57184996586844
44.2,0,0,3.40695009815965,0.991387258396101,1.5698182257734
44.4,0,0,3.40157290355804,0.990371507382575,1.56782921082726
44.6,0,0,3.39629917708069,0.989420759206073,1.56588348141726
44.8,0,0,3.39116333520648,0.988552124966652,1.56398161278435
45,0,0,3.38584884991583,0.987605631361044,1.56212415764015
45.2,0,0,3.38047163357673,0.986639530722555,1.56031164950691
45.4,0,0,3.37514793271056,0.985712246346033,1.55854460456682
45.6,0,0,3.37020616384181,0.984989273902001,1.55682351909978
45.8,0,0,3.36542897157927,0.984360688206319,1.55514888015659
46,0,0,3.36070238388879,0.983768734948134,1.55352115784835
46.2,0,0,3.35552855733467,0.982961952201161,1.55194080369228
46.4,0,0,3.35033253012285,0.98215458836749,1.55040825185959
46.6,0,0,3.3455387202868,0.981561277065142,1.54892347283887
46.8,0,0,3.34020681989065,0.980707376795044,1.54748680484888
47,0,0,3.33525389485683,0.980056616989578,1.54609786882058
47.2,0,0,3.33057409418814,0.979552721236253,1.54475871250565
47.4,0,0,3.32986889381077,0.981063258968992,1.5434697184371
47.6,0,0,3.32271541722426,0.97932835041557,1.5422312197776
47.8,0,0,3.31434309980242,0.976987199505418,1.54104318807265
48,0,0,3.30938355878928,0.976376921077379,1.53990584340684
48.2,0,0,3.30572337599411,0.976431586517364,1.53881895998314
48.4,0,0,3.30307723786704,0.977004844305863,1.5377841706507
48.6,0,0,3.29577264874112,0.975233925759208,1.53680175316642
48.8,0,0,3.29088563543091,0.974689319982486,1.53587194447935
49,0,0,3.28571729274236,0.974008854748896,1.53499495591205
49.2,0,0,3.28095097169389,0.97353806640178,1.53417038051053
49.4,0,0,3.2763074842893,0.97313946306143,1.5333960692878
49.6,0,0,3.27177407664064,0.972804276153774,1.53267352192141
49.8,0,0,3.26744327438387,0.972578203575664,1.53200336239952
50,0,0,3.26297179821357,0.972287470737917,1.53138591161639
50.2,0,0,3.25761293090937,0.97155504472267,1.53082126358276
50.4,0,0,3.25249622698681,0.970951046285212,1.53030927656879
50.6,0,0,3.24827786682843,0.970806467225789,1.52984995272932
50.8,0,0,3.24682307977315,0.972062489480009,1.52944322900439
51,0,0,3.24563470925408,0.973458366910926,1.5290893828315
51.2,0,0,3.23576085263601,0.970476533721575,1.52878841400164
51.4,0,0,3.23123213839514,0.970196982259939,1.52854030362537
51.6,0,0,3.226571981858,0.969856392942603,1.52834468652929
51.8,0,0,3.22592885860563,0.971549382801839,1.52820060871764
52,0,0,3.2184954214726,0.969821473183561,1.52810838904239
52.2,0,0,3.21446118658266,0.969812215587814,1.52806929507118
52.4,0,0,3.20989410110195,0.969537186197009,1.52808321949984
52.6,0,0,3.20529469638713,0.96924875468366,1.52815003660908
52.8,0,0,3.20076920365724,0.969000342821864,1.52826958663634
53,0,0,3.19696365835989,0.969119961227495,1.52844028991172
53.2,0,0,3.19330551884451,0.969316447102399,1.52866327011031
53.4,0,0,3.19008620321263,0.969735718681302,1.52893892572261
53.6,0,0,3.18615963664458,0.96979919518575,1.5292670644636
53.8,0,0,3.18181083814139,0.969650493770609,1.52964745612248
54,0,0,3.17779324467369,0.969671414434284,1.53007869603805
54.2,0,0,3.17399334405642,0.969805255936636,1.53056001384078
54.4,0,0,3.17062363615834,0.970160830319875,1.53108998228026
54.6,0,0,3.16714013529896,0.97046061690027,1.53167009720308
54.8,0,0,3.16321875819464,0.970540887232263,1.53230002952313
55,0,0,3.15923562317374,0.970591253597614,1.53297943259173
55.2,0,0,3.15490210319422,0.970465882817724,1.53370794231674
55.4,0,0,3.15135648391903,0.97073967099124,1.53448474696845
55.6,0,0,3.14785231476213,0.971035631932374,1.53530952930379
55.8,0,0,3.14439055741144,0.971353704559243,1.5361821082724
56,0,0,3.14097117777996,0.971693695270994,1.53710205004756
56.2,0,0,3.13720594772346,0.971859519747871,1.53806890401579
56.4,0,0,3.13363942406379,0.97212580182482,1.53908220293082
56.6,0,0,3.13034680514229,0.972530317037853,1.54014146307304
56.8,0,0,3.12709656885035,0.972956063821527,1.54124618441468
57,0,0,3.1238920556589,0.973404559777094,1.54239585079057
57.2,0,0,3.12072082360596,0.973869359965997,1.5435899300743
57.4,0,0,3.11759561093041,0.97435672767371,1.5448278743599
57.6,0,0,3.1145118359583,0.974864187794581,1.54610912014891
57.8,0,0,3.11154818167065,0.975431284304987,1.54743308854274
58,0,0,3.10849527366028,0.975952201922847,1.54879918544032
58.2,0,0,3.10550706850286,0.976504472877841,1.55020680174092
58.4,0,0,3.10258688940644,0.977089617713505,1.55165531355216
58.6,0,0,3.09972309793,0.977701608606517,1.55314408240302
58.8,0,0,3.09688941659744,0.978327032160833,1.55467245546189
59,0,0,3.09406685157301,0.978956152129317,1.55623976575949
59.2,0,0,3.09130602947499,0.979614366114077,1.55784533241674
59.4,0,0,3.08858425672563,0.980290074152345,1.55948846087732
59.6,0,0,3.08590187021713,0.980983299651329,1.56116844314491
59.8,0,0,3.08325710305627,0.98169300600958,1.56288455802516
60,0,0,3.08065029241802,0.982419219995719,1.56463607137212
60.2,0,0,3.07808104567001,0.983161601694858,1.56642223633913
60.4,0,0,3.07556797706159,0.983929404122682,1.56824229363412
60.6,0,0,3.07306152938409,0.984697480857636,1.57009547177831
60.8,0,0,3.07060737202664,0.985488740747959,1.57198098737288
61,0,0,3.06818740646622,0.986293915320506,1.57389804536381
61.2,0,0,3.06590791829584,0.987166504959579,1.57584583931494
61.4,0,0,3.0635775510134,0.988009813971296,1.57782355168382
61.6,0,0,3.06112905068851,0.988789773505127,1.57983035404589
61.8,0,0,3.0588458016241,0.989649257135275,1.58186540733547
62,0,0,3.05660904091225,0.99052820599575,1.58392786251211
62.2,0,0,3.05446791969588,0.991451296285918,1.58601686057612
62.4,0,0,3.0521932277284,0.992302737691747,1.58813153278357
62.6,0,0,3.05002856007885,0.993205330764827,1.59027100094827
62.8,0,0,3.0479150208978,0.994129233076623,1.59243437778523
63,0,0,3.04582479759489,0.995060288912337,1.59462076728863
63.2,0,0,3.04376454236187,0.996001735790568,1.59682926495142
63.4,0,0,3.04173134875511,0.996951988808294,1.59905895828393
63.6,0,0,3.03972606319847,0.997911358398012,1.60130892683207
63.8,0,0,3.03774978001579,0.998880282424352,1.60357824197487
64,0,0,3.03580005494326,0.999857412814476,1.60586596890413
64.2,0,0,3.03388247042172,1.0008454538303,1.60817116556371
64.4,0,0,3.03198864087155,1.00184006236789,1.61049288335393
64.6,0,0,3.03141985418608,1.00349779043634,1.61283016740568
64.8,0,0,3.03511134836947,1.00729972316458,1.61518205692692
65,0,0,3.02644106399911,1.00485784818572,1.61754758555091
65.2,0,0,3.02464518728834,1.00587911689315,1.61992578168188
65.4,0,0,3.0228723433064,1.00690604962127,1.62231566883493
65.6,0,0,3.02271123906689,1.00874024314603,1.62471626593028
65.8,0,0,3.01971392438955,1.00913704798439,1.62712658766296
66,0,0,3.01771725167218,1.01003253318078,1.62954564483447
66.2,0,0,3.01602873371532,1.01107715144924,1.63197244468419
66.4,0,0,3.01436132414259,1.01212595207808,1.63440599123626
66.6,0,0,3.01271216478844,1.01317739427257,1.63684528535453
66.8,0,0,3.01108277293591,1.01423214567824,1.63928932571026
67,0,0,3.00947287924586,1.01528997535745,1.64173710750442
67.2,0,0,3.00792434889929,1.01637191009706,1.64418762753228
67.4,0,0,3.00646054037204,1.01748964234266,1.64663987874885
67.6,0,0,3.00473994573736,1.01847074445794,1.64909285317662
67.8,0,0,3.00318872329219,1.01953017332931,1.65154554193464
68,0,0,3.00165239754986,1.02058988446366,1.65399693568918
68.2,0,0,3.00569755356854,1.02445882373293,1.65644602495223
68.4,0,0,2.99944251717457,1.02312261207164,1.65889180092716
68.6,0,0,2.99711057316277,1.02375858447388,1.66133325399396
68.8,0,0,2.9956227765752,1.02481293988205,1.66376937634294
69,0,0,2.99505305328179,1.0263228931636,1.66619916264421
69.2,0,0,2.99341764472799,1.02728730242275,1.66862160840366
69.4,0,0,2.99118978242156,1.02794488485715,1.67103571104818
69.6,0,0,2.98971463102927,1.02897435760433,1.6734404702682
69.8,0,0,2.98826604370985,1.03000920316533,1.67583488842172
70,0,0,2.98682515050461,1.03103981417338,1.67821797089074
70.2,0,0,2.98538987390618,1.03206505719403,1.68058872678331
70.4,0,0,2.98395780670126,1.03308363329137,1.68294616872882
70.6,0,0,2.98270637756168,1.03418499371147,1.68528931343231
70.8,0,0,2.98209031199454,1.03559852107631,1.68761718201693
71,0,0,2.98104117901693,1.03678497583032,1.68992880036507
71.2,0,0,2.97958698851245,1.03775841019449,1.69222319945796
71.4,0,0,2.978170304849,1.03874207131305,1.6944994157139
71.6,0,0,2.97837512593976,1.04053529866648,1.6967564297357
71.8,0,0,2.9765078745588,1.04127576352472,1.69899225041147
72,0,0,2.97406762944558,1.04171989058381,1.701205911343
72.2,0,0,2.97290665940837,1.04279935601389,1.70339835933912
72.4,0,0,2.97204937811832,1.04402175673692,1.70556867443231
72.6,0,0,2.97144204008943,1.04535987363466,1.70771594416417
72.8,0,0,2.96856970213013,1.04554450614094,1.70983926390351
73,0,0,2.96714367849102,1.04644870520709,1.71193752775211
73.2,0,0,2.9657139492444,1.04734115093274,1.71400953156203
73.4,0,0,2.9642776041682,1.04822114616805,1.71605383975938
73.6,0,0,2.96303343031441,1.04919092461387,1.71806828991865
73.8,0,0,2.96149909245447,1.05000455294405,1.72005358213606
74,0,0,2.95980451022637,1.05072751223548,1.72200885400706
74.2,0,0,2.95810501683427,1.0514381079618,1.72393325307639
74.4,0,0,2.95575190253545,1.05180890558556,1.72582593713938
74.6,0,0,2.95412205451274,1.05253485015949,1.72768593817499
74.8,0,0,2.95263167610783,1.05332118205468,1.72951248781244
75,0,0,2.95427837152973,1.05568043412183,1.73130481054588
75.2,0,0,2.95735497133741,1.05875104366897,1.73306211009565
75.4,0,0,2.94786432523311,1.05546962210566,1.73478359922584
75.6,0,0,2.94623717949987,1.05614595501714,1.73646850182158
75.8,0,0,2.94548812186789,1.05725494965959,1.73811605579623
76,0,0,2.94641802876744,1.05920066854754,1.73972551132531
76.2,0,0,2.94264940001198,1.05876478759455,1.74129613081245
76.4,0,0,2.94095348126852,1.05936416675991,1.74282718973032
76.6,0,0,2.9393317149645,1.05999020501028,1.74431797688088
76.8,0,0,2.93772578541249,1.06061525678718,1.74576660280725
77,0,0,2.93619960693451,1.06126944800961,1.74717369464499
77.2,0,0,2.93529073560779,1.06222366804152,1.74853877162391
77.4,0,0,2.93396743976935,1.0629568343428,1.74986141215597
77.6,0,0,2.93170643160372,1.06320479112954,1.75114098280966
77.8,0,0,2.93004250175514,1.06374198423767,1.75237683658508
78,0,0,2.92785822368658,1.06400443854789,1.75356837091625
78.2,0,0,2.92613529423026,1.0644896844325,1.75471356679391
78.4,0,0,2.9245006988797,1.06500884422308,1.75581220504527
78.6,0,0,2.96340706024017,1.0859744206016,1.75686424303706
78.8,0,0,2.92092589952341,1.06585812411815,1.75786917338864
79,0,0,2.9183111485748,1.0658476214684,1.75882646398498
79.2,0,0,2.91611352243452,1.06603576087189,1.75973558490797
79.4,0,0,2.9176230546394,1.06808282670265,1.7605959501034
79.6,0,0,2.91397467982737,1.06751513136684,1.76140712233176
79.8,0,0,2.91042531220195,1.06698534715545,1.76216864397486
80,0,0,2.90847785006039,1.06725177954195,1.76288007228488
80.2,0,0,2.90639959074409,1.0674399790886,1.76354097517678
80.4,0,0,2.90433536072682,1.06762294643462,1.76415093627094
80.6,0,0,2.90248289135227,1.06790037750084,1.76470955761587
80.8,0,0,2.90064681004065,1.06817359150376,1.76521646294655
81,0,0,2.89905664476699,1.06855832611843,1.76567129157968
81.2,0,0,2.90501282594777,1.07273847322013,1.76607369990063
81.4,0,0,2.894605768132,1.06864857415355,1.76642336229453
81.6,0,0,2.89250073832453,1.06873536497449,1.76671989679578
81.8,0,0,2.89044317565888,1.06883326822305,1.76696303530028
82,0,0,2.92801755307355,1.08891754730858,1.76715248013131
82.2,0,0,2.90271556630191,1.07725957360581,1.76728817127184
82.4,0,0,2.88435208765788,1.06908957489366,1.76736987785041
82.6,0,0,2.88196607734603,1.06896874356042,1.76739738656321
82.8,0,0,2.88636671430842,1.07225912105083,1.76737047062568
83,0,0,2.88796694395962,1.07412320268001,1.76728866377759
83.2,0,0,2.87508219496687,1.06866430555177,1.76715197896139
83.4,0,0,2.87289374741986,1.06858939922202,1.76696030265541
83.6,0,0,2.87050525510405,1.06839978545973,1.76671354039869
83.8,0,0,2.86784004249542,1.06805667907348,1.76641159229489
84,0,0,2.86527524449794,1.06775031625528,1.76605436635837
84.2,0,0,2.86283481453834,1.06749270466912,1.76564179247654
84.4,0,0,2.86045605112786,1.06725213919509,1.76517380976949
84.6,0,0,2.88142266781007,1.07877803197338,1.76465041777039
84.8,0,0,2.86357862736365,1.07070480596088,1.76407161339031
85,0,0,2.85305744151352,1.06631248342237,1.7634374130287
85.2,0,0,2.85044888843241,1.06589858649675,1.76274785196466
85.4,0,0,3.04267741091018,1.16378974378877,1.76200298456167
85.6,1,1,4.17785034016103,1.68839942511843,1.76120288557887
85.8,0,0,2.84470180510953,1.06561792615943,1.76034765307412
86,0,0,2.84212610207841,1.06516169470323,1.75943740186124
86.2,0,0,2.86481620459585,1.0774402426971,1.75847226541131
86.4,0,0,2.89414478889904,1.09305406735162,1.75745213674045
86.6,0,0,2.83446351343178,1.06373747180122,1.75637659055785
86.8,0,0,2.83239363443462,1.06348185249028,1.75524404986075
87,0,0,2.83108710217884,1.06359314207422,1.75405922639484
87.2,0,0,2.82810637685427,1.06284116922396,1.7528223691857
87.4,0,0,2.82492649099331,1.06197015461774,1.75153373949385
87.6,0,0,2.82113865946636,1.06077556156077,1.75019242414393
87.8,0,0,2.81839931970318,1.06009508813279,1.74879748276323
88,0,0,2.81584822249258,1.05949740700556,1.74734738093804
88.2,0,0,2.81326828067912,1.05886908267218,1.74584486999491
88.4,0,0,2.81024929725334,1.05800299564342,1.74429030984695
88.6,0,0,2.80685323546042,1.05693031270564,1.74268406470684
88.8,0,0,2.80267039034858,1.05544418505195,1.7410265174442
89,0,0,2.79984526150294,1.05462693058538,1.73931790834925
89.2,0,0,2.7970265231574,1.05379663080161,1.73755859600283
89.4,0,0,2.79423690902061,1.05296446080094,1.73574914361017
89.6,0,0,2.79653551626559,1.05468326521906,1.73389000753758
89.8,1,1,4.18553163557029,1.70704735356898,1.73198166202362
90,0,0,2.78523274614851,1.05004693600935,1.73002459876673
90.2,0,0,2.78234298285181,1.04909694747989,1.72801932776126
90.4,0,0,2.78213761570982,1.04948451163303,1.72596636864202
90.6,0,0,2.89779881229546,1.10832404345498,1.72386627981184
90.8,0,0,2.79518142559566,1.05699748928011,1.72171962428193
91,0,0,2.77752286505403,1.04852588681569,1.7195269818802
91.2,0,0,2.77453959992674,1.04744232184151,1.71728894664798
91.4,0,0,2.77148544581186,1.04635200733882,1.71497629029456
91.6,0,0,2.77190278435325,1.04703733705698,1.7125928956989
91.8,0,0,2.77271623099067,1.04786244735408,1.71019309867996
92,0,0,2.76991258662987,1.04680180081221,1.70777773987555
92.2,0,0,2.7643828681126,1.0443048977605,1.70534751712332
92.4,0,0,2.75751403263218,1.04107153867018,1.70290312108823
92.6,0,0,2.75472767806964,1.03990068260686,1.70040480413434
92.8,0,0,2.75229985195915,1.03895483983288,1.6978265220951
93,0,0,2.74955401164426,1.03783000934475,1.69520903759165
93.2,0,0,2.80993809301465,1.06854296150964,1.69255345164078
93.4,0,0,2.74590003494518,1.0364501645463,1.68986053513495
93.6,0,0,2.73343623259316,1.03036368053568,1.6871310732983
93.8,0,0,2.73039230992124,1.02901293539172,1.68436479748082
94,0,0,2.77986345712566,1.0541439380533,1.6815630339846
94.2,0,0,2.75816361889119,1.04334142826838,1.67872667801637
94.4,0,0,2.72306301187607,1.02575750621181,1.67585663072839
94.6,0,0,2.71965536500351,1.02414749501438,1.67295374682201
94.8,0,0,2.71657831380117,1.02268507591133,1.67001889163824
95,0,0,2.71360546556426,1.02125792506261,1.66705165723302
95.2,0,0,2.71707366326361,1.02306352762018,1.66405303361014
95.4,0,0,2.71721460913521,1.0231687126135,1.6610263296111
95.6,0,0,2.71569030181087,1.02241208150074,1.65797245857513
95.8,0,0,2.7123355023942,1.02071016798795,1.65489234491044
96,0,0,2.70870171981774,1.0188460672939,1.65178676623997
96.2,0,0,2.70612743379732,1.01758705385037,1.64859780835515
96.4,0,0,2.70928314344391,1.01922053085958,1.64537084554863
96.6,0,0,2.71581851950212,1.02251282028744,1.64213730218272
96.8,0,0,2.71199548410276,1.02047929248544,1.63893143750657
97,0,0,2.70019444459339,1.01432145458083,1.63575400193253
97.2,0,0,2.69492748031302,1.0113661715221,1.63260356982767
97.4,0,0,2.69524491469971,1.01131833699675,1.62936320285576
97.6,0,0,2.69753646848803,1.01228989705944,1.62607626968438
97.8,0,0,2.68848300304515,1.00752015817887,1.62276905684678
98,0,0,2.68565801723964,1.00586514943865,1.61945023245983
98.2,0,0,2.67693269746382,1.00120434114434,1.61612081085398
98.4,0,0,2.67087631192186,0.997865623362062,1.61277947581804
98.6,0,0,2.66675156405417,0.995485481358967,1.60942176941887
98.8,0,0,2.66799208117567,0.995797970678984,1.6060478400777
99,0,0,2.66650743574943,0.994715198638783,1.60266208488453
99.2,0,0,2.66421260027252,0.993202548026392,1.59926615365239
99.4,0,0,2.66105845133681,0.991235163423441,1.59586113100286
99.6,0,0,2.65716453331851,0.988875819610124,1.59244649694131
99.8,0,0,2.67425033214865,0.99711447944933,1.58900424408767
100,0,0,2.70204425370952,1.01073838955501,1.58555429146474
100.2,0,0,2.73107752939448,1.02495083702227,1.58210957480723
100.4,0,0,2.72950003089588,1.02367061990595,1.57867682296031
100.6,0,0,2.72377910146399,1.02025396514254,1.57525701821543
100.8,0,0,2.71760685474608,1.0182170040793,1.57079280152858
101,0,0,2.71147644039452,1.01999359054148,1.56388617095732
101.2,0,0,2.71882157896253,1.03211340528975,1.5546978520745
101.4,0,0,2.74706329725742,1.04986671866329,1.54864252328058
101.6,0,0,2.73110242264581,1.04022954985473,1.54583225976603
101.8,0,0,2.71459614118973,1.02543810165211,1.54613644738528
102,0,0,2.70396305573234,1.01095573411258,1.54813188804691
102.2,0,0,2.71540371372975,1.01196872674432,1.54733038512375
102.4,0,0,2.71870340322848,1.01275192243078,1.5440391549544
102.6,0,0,2.72170281460557,1.01361411938605,1.54059505250311
102.8,0,0,2.70971687013909,1.006730256866,1.53726466465794
103,0,0,2.67569526405226,0.9885443380484,1.53404797241615
103.2,0,0,2.63377556261001,0.966386401623709,1.53082066685659
103.4,0,0,2.63031606417366,0.963689195473783,1.52755875975868
103.6,0,0,2.63605981757506,0.965756658034674,1.52421999707029
103.8,0,0,2.62711140829807,0.960388011736058,1.52089677022568
104,0,0,2.62271694059878,0.957295301039378,1.51759020020038
104.2,0,0,2.61703392793157,0.953530246059988,1.51430140519073
104.4,0,0,2.62310223832305,0.955673075264976,1.51103150025048
104.6,0,0,2.61343141909343,0.949851411880359,1.50778159692815
104.8,0,0,2.60801464531521,0.9461543013617,1.50455280290531
105,0,0,2.60710616840026,0.944710040059626,1.50134622163583
105.2,0,0,2.60638144794381,0.94333635483988,1.49816295198625
105.4,0,0,2.60586284468563,0.942044529782705,1.4950040878774
105.6,0,0,2.6056588549159,0.940889317927287,1.49187071792736
105.8,0,0,2.65459305512944,0.964508316255279,1.48876392509586
106,0,0,2.65974105351632,0.966009574339358,1.48568478633032
106.2,0,0,2.65925912731514,0.964647710451478,1.48263437221359
106.4,0,0,2.65884877368677,0.963300350329612,1.47961343046437
106.6,0,0,2.65850917603258,0.961967759190037,1.47662259554769
106.8,0,0,2.65052641787165,0.963412337610018,1.4694016108078
107,0,0,2.65106294004937,0.967635253231406,1.46317317611307
107.2,0,0,2.68412875755687,0.985830611195441,1.45852867790546
107.4,0,0,2.69384179218889,0.989781064598034,1.45548059674863
107.6,0,0,2.64991670364323,0.964230560350281,1.45401288473504
107.8,0,0,2.6575129416267,0.963332182125441,1.4534305434687
108,0,0,2.67408823479041,0.964498603905644,1.45445138896851
108.2,0,0,2.67731358531655,0.963265430404199,1.45272013442008
108.4,0,0,2.6918840237896,0.969532015379137,1.44987851327245
108.6,0,0,2.6846347007335,0.964409728857939,1.44730600908187
108.8,0,0,2.67641940128011,0.958426885032405,1.44500042635036
109,0,0,2.63533904954086,0.935492236159541,1.44295902037465
109.2,0,0,2.62608536895879,0.928506581311151,1.44101900512662
109.4,0,0,2.62689910216389,0.927435113987044,1.43857595363715
109.6,0,0,2.62777096296659,0.926382114000784,1.43617174775717
109.8,0,0,2.62872173420485,0.925350558929255,1.43381213910568
110,0,0,2.62598845584343,0.922438638221064,1.43149993459648
110.2,0,0,2.61293787107393,0.914299121913024,1.42923600715305
110.4,0,0,2.62412297480332,0.918368390516422,1.42702121652622
110.6,0,0,2.62578625838345,0.917611648975336,1.42485640900712
110.8,0,0,2.62536316896863,0.915781095796202,1.42274241714413
111,0,0,2.6268524909375,0.914894707524528,1.42068005946412
111.2,0,0,2.63019369991288,0.914944504407671,1.41865575341027
111.4,0,0,2.6448258231014,0.920918551073774,1.41652634639066
111.6,0,0,2.64140856248204,0.917714455392742,1.41448256224222
111.8,0,0,2.64773835558365,0.919326477372096,1.41254604686977
112,0,0,2.65763888891885,0.922625508850788,1.410725545564
112.2,0,0,2.65056392163859,0.91724480146504,1.40902096517527
112.4,0,0,2.65196521501801,0.916267512683424,1.40727969524717
112.6,0,0,2.65378245644737,0.91544228314291,1.40562027917779
112.8,0,0,2.65625545072185,0.91481302110326,1.40409284668889
113,0,0,2.6632089293326,0.91664227076049,1.40248524486766
113.2,0,0,2.66384478969756,0.915139336009012,1.40101700333803
113.4,0,0,2.66632123826525,0.91441858000957,1.39969042026716
113.6,0,0,2.66477808513396,0.911517121030975,1.39850983658806
113.8,0,0,2.66197528850399,0.907829906330261,1.39747452746628
114,0,0,2.67175423951924,0.910607990033421,1.39641461985471
114.2,0,0,2.66538457301907,0.905379381603552,1.3953140786399
114.4,0,0,2.66847546835997,0.904963491941904,1.39423989184076
114.6,0,0,2.67166331437233,0.904577892356833,1.3932293848432
114.8,0,0,2.69660368028569,0.915150681980274,1.39228306305357
115,0,0,2.67346003956437,0.9014407766064,1.39140141329918
115.2,0,0,2.66953921671647,0.897413041664516,1.39058490365712
115.4,0,0,2.67311722877677,0.897151435247504,1.38983398328885
115.6,0,0,2.67778966238349,0.897424306305239,1.3891490822809
115.8,0,0,2.68138865842969,0.897138720247915,1.38853007228972
116,0,0,2.68508726226397,0.896887132645966,1.38797713666627
116.2,0,0,2.69000254301103,0.897234095959496,1.3874902214293
116.4,0,0,2.69446276628485,0.897333064430568,1.38707168762447
116.6,0,0,2.69875129905973,0.897327243936561,1.38672185621906
116.8,0,0,2.70289143813957,0.897228732578916,1.38644094733603
117,0,0,2.7071723688084,0.897186160199236,1.38622765370154
117.2,0,0,2.71163561949198,0.897224289600576,1.38607994158039
117.4,0,0,2.80246880196033,0.94082740196447,1.38600340334096
117.6,0,0,2.72943996180564,0.901722994745948,1.38599791670513
117.8,0,0,2.72556204250078,0.897497965644322,1.38606205699826
118,0,0,2.73021817717606,0.897563765031116,1.38619600904107
118.2,0,0,2.86936201992029,0.965477925922635,1.38640124723661
118.4,0,0,2.81618478223215,0.936324806971697,1.38667793735271
118.6,0,0,2.7445206196674,0.897825481692541,1.38702633331161
118.8,0,0,2.74933147134935,0.897906117449072,1.38744284404722
119,0,0,2.75896181642267,0.900406709829768,1.38792825084317
119.2,0,0,2.85345433159764,0.94571889251929,1.38848270508298
119.4,0,0,2.86062318653096,0.946951613428561,1.38910756106287
119.6,0,0,2.87929257655005,0.953974267209998,1.38980284339674
119.8,0,0,2.90216956474114,0.963106907778347,1.39056855569393
120,0,0,2.93243366619857,0.975954252571195,1.39140468034054
